account,site,name,country,region,sar_avail_pct,sar_up_seconds,sar_down_seconds,sar_missing_seconds,path_status,path_uptime_seconds,path_downtime_seconds,cellular_uptime_s_estimated,mdm_events,last_mdm_minutes_ago
ALL,ABCG,ABCG0xCAN,CAN,NA,100.000,86460,0,0,stable,86460,0,0,0,
ALL,ALBH,ALBH0xUSA,USA,NA,100.000,86460,0,0,stable,86460,0,0,0,
ALL,ALGR,ALGR0xUSA,USA,NA,100.000,86460,0,0,stable,86460,0,0,0,
ALL,ARAK,ARAK0xUSA,USA,NA,100.000,86460,0,0,stable,86460,0,0,0,
ALL,ARCB,ARCB0xUSA,USA,NA,100.000,86460,0,0,stable,86460,0,0,0,
ALL,ARFM,ARFM0xUSA,USA,NA,100.000,86460,0,0,stable,86460,0,0,0,
ALL,ATFS,ATFS0xAUT,AUT,EU,100.000,86460,0,0,stable,86460,0,0,0,
ALL,ATGD,ATGD0xAUT,AUT,EU,100.000,86460,0,0,stable,86460,0,0,0,
ALL,ATHB,ATHB0xAUT,AUT,EU,100.000,86460,0,0,stable,86460,0,0,0,
ALL,ATHL,ATHL0xAUT,AUT,EU,100.000,86460,0,0,stable,86460,0,86460,0,
ALL,ATJB,ATJB0xAUT,AUT,EU,100.000,86460,0,0,stable,86460,0,0,0,
ALL,ATKA,ATKA0xAUT,AUT,EU,100.000,86460,0,0,stable,86460,0,0,0,
ALL,AZCH,AZCH0xUSA,USA,NA,100.000,86460,0,0,stable,86460,0,0,0,
ALL,AZCO,AZCO0xUSA,USA,NA,100.000,86460,0,0,stable,86460,0,0,0,
ALL,AZDL,AZDL0xUSA,USA,NA,100.000,86460,0,0,stable,86460,0,0,0,
ALL,AZGB,AZGB0xUSA,USA,NA,100.000,86460,0,0,stable,86460,0,0,0,
ALL,AZHB,AZHB0xUSA,USA,NA,98.543,85200,1260,0,stable,85200,1260,0,0,
ALL,AZPG,AZPG0xUSA,USA,NA,100.000,86460,0,0,stable,86460,0,0,0,
ALL,AZST,AZST0xUSA,USA,NA,100.000,86460,0,0,stable,86460,0,0,0,
ALL,AZWC,AZWC0xUSA,USA,NA,100.000,86460,0,0,stable,86460,0,0,0,
ALL,BGBL,BGBL0xBGR,BGR,EU,100.000,86460,0,0,stable,86460,0,0,0,
ALL,BGBO,BGBO0xBGR,BGR,EU,100.000,86460,0,0,stable,86460,0,0,0,
ALL,BGLO,BGLO0xBGR,BGR,EU,100.000,86460,0,0,stable,86460,0,0,0,
ALL,BGPV,BGPV0xBGR,BGR,EU,100.000,86460,0,0,stable,86460,0,0,0,
ALL,BGVI,BGVI0xBGR,BGR,EU,100.000,86460,0,0,stable,86460,0,0,0,
ALL,BGVN,BGVN0xBGR,BGR,EU,100.000,86460,0,0,stable,86460,0,14400,0,
ALL,CAAA,CAAA0xUSA,USA,NA,100.000,86460,0,0,stable,86460,0,0,0,
ALL,CAAS,CAAS0xUSA,USA,NA,100.000,86460,0,0,stable,86460,0,0,0,
ALL,CABE,CABE0xUSA,USA,NA,100.000,86460,0,0,stable,86460,0,0,0,
ALL,CABS,CABS0XUSA,USA,NA,100.000,86460,0,0,stable,86460,0,0,0,
ALL,CABW,CABW0xUSA,USA,NA,100.000,86460,0,0,stable,86460,0,0,0,
ALL,CACS,CACS0xUSA,USA,NA,100.000,86460,0,0,stable,86460,0,0,0,
ALL,CACY,CACY0xUSA,USA,NA,100.000,86460,0,0,stable,86460,0,0,0,
ALL,CADA,CADA0xUSA,USA,NA,100.000,86460,0,0,stable,86460,0,0,0,
ALL,CAEA,CAEA0xUSA,USA,NA,100.000,86460,0,0,stable,86460,0,0,0,
ALL,CAEM,CAEM0xUSA,USA,NA,100.000,86460,0,0,stable,86460,0,0,0,
ALL,CAFR,CAFR0xUSA,USA,NA,100.000,86460,0,0,stable,86460,0,0,0,
ALL,CAFT,CAFT0xUSA,USA,NA,100.000,86460,0,0,stable,86460,0,0,0,
ALL,CAGU,CAGU0xUSA,USA,NA,100.000,86460,0,0,stable,86460,0,0,0,
ALL,CAHM,CAHM0xUSA,USA,NA,100.000,86460,0,0,stable,86460,0,0,0,
ALL,CAIO,CAIO0xUSA,USA,NA,100.000,86460,0,0,stable,86460,0,0,0,
ALL,CALK,CALK0xUSA,USA,NA,100.000,86460,0,0,stable,86460,0,0,0,
ALL,CALV,CALV0xUSA,USA,NA,100.000,86460,0,0,stable,86460,0,0,0,
ALL,CAMH,CAMH0xUSA,USA,NA,100.000,86460,0,0,stable,86460,0,0,0,
ALL,CAMN,CAMN0xUSA,USA,NA,100.000,86460,0,0,stable,86460,0,0,0,
ALL,CAND,CAND0xUSA,USA,NA,100.000,86460,0,0,stable,86460,0,0,0,
ALL,CAOC,CAOC0xUSA,USA,NA,100.000,86460,0,0,stable,86460,0,14400,0,
ALL,CARD,CARD0xUSA,USA,NA,100.000,86460,0,0,stable,86460,0,0,0,
ALL,CASA,CASA0xUSA,USA,NA,100.000,86460,0,0,stable,86460,0,0,0,
ALL,CASE,CASE0xUSA,USA,NA,100.000,86460,0,0,stable,86460,0,0,0,
ALL,CASJ,CASJ0xUSA,USA,NA,100.000,86460,0,0,stable,86460,0,0,0,
ALL,CASO,CASO0xUSA,USA,NA,100.000,86460,0,0,stable,86460,0,0,0,
ALL,CAST,CAST0xUSA,USA,NA,100.000,86460,0,0,stable,86460,0,14400,0,
ALL,CAVA,CAVA0xUSA,USA,NA,100.000,86460,0,0,stable,86460,0,0,0,
ALL,CAWD,CAWD0xUSA,USA,NA,100.000,86460,0,0,stable,86460,0,0,0,
ALL,CAWI,CAWI0xUSA,USA,NA,100.000,86460,0,0,stable,86460,0,0,0,
ALL,CAWS,CAWS0xUSA,USA,NA,67.037,57960,28500,0,stable,57960,28500,0,0,
ALL,CAWY,CAWY0xUSA,USA,NA,100.000,86460,0,0,stable,86460,0,0,0,
ALL,CAYA,CAYA0xUSA,USA,NA,100.000,86460,0,0,stable,86460,0,0,0,
ALL,COFO,COFO0xUSA,USA,NA,100.000,86460,0,0,stable,86460,0,0,0,
ALL,COFT,COFT0xUSA,USA,NA,100.000,86460,0,0,stable,86460,0,0,0,
ALL,COLA,COLA0xUSA,USA,NA,100.000,86460,0,0,stable,86460,0,0,0,
ALL,COLM,COLM0xUSA,USA,NA,100.000,86460,0,0,stable,86460,0,0,0,
ALL,COLV,COLV0xUSA,USA,NA,100.000,86460,0,0,stable,86460,0,0,0,
ALL,COPU,COPU0xUSA,USA,NA,100.000,86460,0,0,stable,86460,0,0,0,
ALL,CORI,CORI0xUSA,USA,NA,100.000,86460,0,0,stable,86460,0,0,0,
ALL,CZOL,CZOL0xCZE,CZE,EU,100.000,86460,0,0,stable,86460,0,0,0,
ALL,CZPA,CZPA0xCZE,CZE,EU,100.000,86460,0,0,stable,86460,0,0,0,
ALL,DNAB,DNAB0xDNK,DNK,EU,100.000,86460,0,0,stable,86460,0,0,0,
ALL,DNBR,DNBR0xDNK,DNK,EU,100.000,86460,0,0,stable,86460,0,0,0,
ALL,DNHS,DNHS0xDNK,DNK,EU,100.000,86460,0,0,stable,86460,0,0,0,
ALL,DNSO,DNSO0xDNK,DNK,EU,100.000,86460,0,0,stable,86460,0,0,0,
ALL,DTBA,DTBA0xDEU,DEU,EU,100.000,86460,0,0,stable,86460,0,0,0,
ALL,DTBN,DTBN0xDEU,DEU,EU,100.000,86460,0,0,stable,86460,0,0,0,
ALL,DTBR,DTBR0xDEU,DEU,EU,100.000,86460,0,0,stable,86460,0,0,0,
ALL,DTDD,DTDD0xDEU,DEU,EU,100.000,86460,0,0,stable,86460,0,0,0,
ALL,DTFB,DTFB0xDEU,DEU,EU,100.000,86460,0,0,stable,86460,0,0,0,
ALL,DTGB,DTGB0xDEU,DEU,EU,100.000,86460,0,0,stable,86460,0,0,0,
ALL,DTHL,DTHL0xDEU,DEU,EU,100.000,86460,0,0,stable,86460,0,0,0,
ALL,DTHR,DTHR0xDEU,DEU,EU,100.000,86460,0,0,stable,86460,0,0,0,
ALL,DTHT,DTHT0xDEU,DEU,EU,100.000,86460,0,0,stable,86460,0,0,0,
ALL,DTIF,DTIF0xDEU,DEU,EU,100.000,86460,0,0,stable,86460,0,0,0,
ALL,DTKM,DTKM0xDEU,DEU,EU,100.000,86460,0,0,stable,86460,0,0,0,
ALL,DTMB,DTMB0xDEU,DEU,EU,100.000,86460,0,0,stable,86460,0,0,0,
ALL,DTMH,DTMH0xDEU,DEU,EU,100.000,86460,0,0,stable,86460,0,0,0,
ALL,DTND,DTND0xDEU,DEU,EU,100.000,86460,0,0,stable,86460,0,0,0,
ALL,DTOB,DTOB0xDEU,DEU,EU,100.000,86460,0,0,stable,86460,0,0,0,
ALL,DTOS,DTOS0xDEU,DEU,EU,100.000,86460,0,0,stable,86460,0,0,0,
ALL,DTPW,DTPW0xDEU,DEU,EU,100.000,86460,0,0,stable,86460,0,0,0,
ALL,DTSW,DTSW0xDEU,DEU,EU,100.000,86460,0,0,stable,86460,0,0,0,
ALL,DTVD,DTVD0xDEU,DEU,EU,100.000,86460,0,0,stable,86460,0,0,0,
ALL,DTVR,DTVR0xDEU,DEU,EU,100.000,86460,0,0,stable,86460,0,0,0,
ALL,DTWL,DTWL0xDEU,DEU,EU,100.000,86460,0,0,stable,86460,0,0,0,
ALL,DTWR,DTWR0xDEU,DEU,EU,100.000,86460,0,0,stable,86460,0,0,0,
ALL,DTZU,DTZU0xDEU,DEU,EU,100.000,86460,0,0,stable,86460,0,0,0,
ALL,ESAC,ESAC0xESP,ESP,EU,100.000,86460,0,0,stable,86460,0,0,0,
ALL,ESBN,ESBN0xESP,ESP,EU,100.000,86460,0,0,stable,86460,0,0,0,
ALL,ESCB,ESCB0xESP,ESP,EU,100.000,86460,0,0,stable,86460,0,0,0,
ALL,ESCD,ESCD0xESP,ESP,EU,100.000,86460,0,0,stable,86460,0,0,0,
ALL,ESCM,ESCM0xESP,ESP,EU,100.000,86460,0,0,stable,86460,0,14400,0,
ALL,ESCO,ESCO0xESP,ESP,EU,100.000,86460,0,0,stable,86460,0,0,0,
ALL,ESCU,ESCU0xESP,ESP,EU,100.000,86460,0,0,stable,86460,0,0,0,
ALL,ESEI,ESEI0xESP,ESP,EU,100.000,86460,0,0,stable,86460,0,0,0,
ALL,ESGC,ESGC0xESP,ESP,EU,100.000,86460,0,0,stable,86460,0,0,0,
ALL,ESGU,ESGU0xESP,ESP,EU,100.000,86460,0,0,stable,86460,0,0,0,
ALL,ESHU,ESHU0xESP,ESP,EU,100.000,86460,0,0,stable,86460,0,0,0,
ALL,ESME,ESME0xESP,ESP,EU,100.000,86460,0,0,stable,86460,0,0,0,
ALL,ESMG,ESMG0xESP,ESP,EU,100.000,86460,0,0,stable,86460,0,0,0,
ALL,ESML,ESML0xESP,ESP,EU,100.000,86460,0,0,stable,86460,0,0,0,
ALL,ESMR,ESMR0xESP,ESP,EU,100.000,86460,0,0,stable,86460,0,0,0,
ALL,ESMU,ESMU0xESP,ESP,EU,100.000,86460,0,0,stable,86460,0,0,0,
ALL,ESMZ,ESMZ0xESP,ESP,EU,100.000,86460,0,0,stable,86460,0,0,0,
ALL,ESNM,ESNM0xESP,ESP,EU,100.000,86460,0,0,stable,86460,0,0,0,
ALL,ESOV,ESOV0xESP,ESP,EU,100.000,86460,0,0,stable,86460,0,0,0,
ALL,ESSC,ESSC0xESP,ESP,EU,100.000,86460,0,0,stable,86460,0,0,0,
ALL,ESSE,ESSE0xESP,ESP,EU,100.000,86460,0,0,stable,86460,0,0,0,
ALL,ESTA,ESTA0xESP,ESP,EU,100.000,86460,0,0,stable,86460,0,0,0,
ALL,ESVA,ESVA0xESP,ESP,EU,97.016,83880,2580,0,stable,83880,2580,21660,0,
ALL,ESVI,ESVI0xESP,ESP,EU,100.000,86460,0,0,stable,86460,0,0,0,
ALL,ESZA,ESZA0xESP,ESP,EU,100.000,86460,0,0,stable,86460,0,0,0,
ALL,FIEK,FIEK0xFIN,FIN,EU,100.000,86460,0,0,stable,86460,0,0,0,
ALL,FIHA,FIHA0xFIN,FIN,EU,100.000,86460,0,0,stable,86460,0,0,0,
ALL,FIII,FIII0xFIN,FIN,EU,100.000,86460,0,0,stable,86460,0,0,0,
ALL,FIIV,FIIV0xFIN,FIN,EU,100.000,86460,0,0,stable,86460,0,0,0,
ALL,FIJM,FIJM0xFIN,FIN,EU,0.000,0,86460,0,offline-entire-window,0,86460,0,0,
ALL,FIJO,FIJO0xFIN,FIN,EU,100.000,86460,0,0,stable,86460,0,0,0,
ALL,FIKL,FIKL0xFIN,FIN,EU,100.000,86460,0,0,stable,86460,0,0,0,
ALL,FIKM,FIKM0xFIN,FIN,EU,100.000,86460,0,0,stable,86460,0,0,0,
ALL,FILA,FILA0xFIN,FIN,EU,100.000,86460,0,0,stable,86460,0,0,0,
ALL,FILV,FILV0xFIN,FIN,EU,100.000,86460,0,0,stable,86460,0,0,0,
ALL,FIMU,FIMU0xFIN,FIN,EU,100.000,86460,0,0,stable,86460,0,0,0,
ALL,FINA,FINA0xFIN,FIN,EU,100.000,86460,0,0,stable,86460,0,0,0,
ALL,FISU,FISU0xFIN,FIN,EU,100.000,86460,0,0,stable,86460,0,0,0,
ALL,FITA,FITA0xFIN,FIN,EU,100.000,86460,0,0,stable,86460,0,0,0,
ALL,FIUU,FIUU0xFIN,FIN,EU,100.000,86460,0,0,stable,86460,0,0,0,
ALL,FLBR,FLBR0xUSA,USA,NA,100.000,86460,0,0,stable,86460,0,0,0,
ALL,FLCK,FLCK0xUSA,USA,NA,100.000,86460,0,0,stable,86460,0,0,0,
ALL,FLHO,FLHO0xUSA,USA,NA,92.922,80340,6120,0,stable,80340,6120,0,0,
ALL,FLLL,FLLL0xUSA,USA,NA,100.000,86460,0,0,stable,86460,0,0,0,
ALL,FLMB,FLMB0xUSA,USA,NA,100.000,86460,0,0,stable,86460,0,0,0,
ALL,FLNV,FLNV0xUSA,USA,NA,100.000,86460,0,0,stable,86460,0,0,0,
ALL,FLOP,FLOP0xUSA,USA,NA,100.000,86460,0,0,stable,86460,0,0,0,
ALL,FLPJ,FLPJ0xUSA,USA,NA,100.000,86460,0,0,stable,86460,0,0,0,
ALL,FLPL,FLPL0xUSA,USA,NA,100.000,86460,0,0,stable,86460,0,14400,0,
ALL,FLSS,FLSS0xUSA,USA,NA,100.000,86460,0,0,stable,86460,0,0,0,
ALL,FRAC,FRAC0xFRA,FRA,EU,100.000,86460,0,0,stable,86460,0,0,0,
ALL,FRAR,FRAR0xFRA,FRA,EU,100.000,86460,0,0,stable,86460,0,0,0,
ALL,FRBD,FRBD0xFRA,FRA,EU,100.000,86460,0,0,stable,86460,0,0,0,
ALL,FRBE,FRBE0xFRA,FRA,EU,100.000,86460,0,0,stable,86460,0,0,0,
ALL,FRBY,FRBY0xFRA,FRA,EU,100.000,86460,0,0,stable,86460,0,0,0,
ALL,FRCB,FRCB0xFRA,FRA,EU,100.000,86460,0,0,stable,86460,0,600,0,
ALL,FRCH,FRCH0xFRA,FRA,EU,100.000,86460,0,0,stable,86460,0,0,0,
ALL,FRCO,FRCO0xFRA,FRA,EU,100.000,86460,0,0,stable,86460,0,0,0,
ALL,FRDI,FRDI0xFRA,FRA,EU,100.000,86460,0,0,stable,86460,0,0,0,
ALL,FRDL,FRDL0xFRA,FRA,EU,100.000,86460,0,0,stable,86460,0,0,0,
ALL,FRDU,FRDU0xFRA,FRA,EU,100.000,86460,0,0,stable,86460,0,0,0,
ALL,FRGE,FRGE0xFRA,FRA,EU,98.473,85140,1320,0,stable,85140,1320,21720,0,
ALL,FRHR,FRHR0xFRA,FRA,EU,100.000,86460,0,0,stable,86460,0,14400,0,
ALL,FRHV,FRHV0xFRA,FRA,EU,100.000,86460,0,0,stable,86460,0,0,0,
ALL,FRLA,FRLA0xFRA,FRA,EU,100.000,86460,0,0,stable,86460,0,0,0,
ALL,FRLM,FRLM0xFRA,FRA,EU,100.000,86460,0,0,stable,86460,0,0,0,
ALL,FRLO,FRLO0xFRA,FRA,EU,100.000,86460,0,0,stable,86460,0,0,0,
ALL,FRMC,FRMC0xFRA,FRA,EU,100.000,86460,0,0,stable,86460,0,0,0,
ALL,FRMG,FRMG0xFRA,FRA,EU,0.000,0,86460,0,offline-entire-window,0,86460,0,0,
ALL,FRMO,FRMO0xFRA,FRA,EU,100.000,86460,0,0,stable,86460,0,0,0,
ALL,FRNA,FRNA0xFRA,FRA,EU,100.000,86460,0,0,stable,86460,0,0,0,
ALL,FRNI,FRNI0xFRA,FRA,EU,100.000,86460,0,0,stable,86460,0,0,0,
ALL,FRPE,FRPE0xFRA,FRA,EU,100.000,86460,0,0,stable,86460,0,0,0,
ALL,FRPT,FRPT0xFRA,FRA,EU,100.000,86460,0,0,stable,86460,0,0,0,
ALL,FRRF,FRRF0xFRA,FRA,EU,100.000,86460,0,0,stable,86460,0,0,0,
ALL,FRRO,FRRO0xFRA,FRA,EU,100.000,86460,0,0,stable,86460,0,0,0,
ALL,FRSG,FRSG0xFRA,FRA,EU,100.000,86460,0,0,stable,86460,0,0,0,
ALL,FRVA,FRVA0xFRA,FRA,EU,100.000,86460,0,0,stable,86460,0,5400,0,
ALL,GACA,GACA0xUSA,USA,NA,100.000,86460,0,0,stable,86460,0,0,0,
ALL,GACB,GACB0xUSA,USA,NA,100.000,86460,0,0,stable,86460,0,0,0,
ALL,GADE,GADE0xUSA,USA,NA,100.000,86460,0,0,stable,86460,0,0,0,
ALL,GAMR,GAMR0xUSA,USA,NA,100.000,86460,0,0,stable,86460,0,0,0,
ALL,GASV,GASV0xUSA,USA,NA,100.000,86460,0,0,stable,86460,0,0,0,
ALL,GBCC,GBCC0xGBR,GBR,EU,100.000,86460,0,0,stable,86460,0,0,0,
ALL,GBCD,GBCD0xGBR,GBR,EU,100.000,86460,0,0,stable,86460,0,0,0,
ALL,GBCT,GBCT0xGBR,GBR,EU,99.237,85800,660,0,stable,85800,660,14400,0,
ALL,GBDB,GBDB0xGBR,GBR,EU,100.000,86460,0,0,stable,86460,0,0,0,
ALL,GBGY,GBGY0xGBR,GBR,EU,100.000,86460,0,0,stable,86460,0,0,0,
ALL,GBKS,GBKS0xGBR,GBR,EU,100.000,86460,0,0,stable,86460,0,0,0,
ALL,GBLH,GBLH0xGBR,GBR,EU,100.000,86460,0,0,stable,86460,0,0,0,
ALL,GBLP,GBLP0xGBR,GBR,EU,100.000,86460,0,0,stable,86460,0,0,0,
ALL,GBNQ,GBNQ0xGBR,GBR,EU,100.000,86460,0,0,stable,86460,0,0,0,
ALL,GBOB,GBOB0xGBR,GBR,EU,100.000,86460,0,0,stable,86460,0,0,0,
ALL,GBPH,GBPH0xGBR,GBR,EU,100.000,86460,0,0,stable,86460,0,0,0,
ALL,GBSA,GBSA0xGBR,GBR,EU,100.000,86460,0,0,stable,86460,0,0,0,
ALL,GBSB,GBSB0xGBR,GBR,EU,100.000,86460,0,0,stable,86460,0,0,0,
ALL,GBTA,GBTA0xGBR,GBR,EU,100.000,86460,0,0,stable,86460,0,0,0,
ALL,GBUS,GBUS0xGBR,GBR,EU,100.000,86460,0,0,stable,86460,0,0,0,
ALL,GBWH,GBWH0xGBR,GBR,EU,100.000,86460,0,0,stable,86460,0,0,0,
ALL,GRCH,GRCH0xGRC,GRC,EU,100.000,86460,0,0,stable,86460,0,0,0,
ALL,GRFO,GRFO0xGRC,GRC,EU,100.000,86460,0,0,stable,86460,0,28800,0,
ALL,GRHK,GRHK0xGRC,GRC,EU,100.000,86460,0,0,stable,86460,0,0,0,
ALL,GRIG,GRIG0xGRC,GRC,EU,100.000,86460,0,0,stable,86460,0,0,0,
ALL,GRKE,GRKE0xGRC,GRC,EU,100.000,86460,0,0,stable,86460,0,0,0,
ALL,GRKL,GRKL0xGRC,GRC,EU,100.000,86460,0,0,stable,86460,0,0,0,
ALL,GRKV,GRKV0xGRC,GRC,EU,100.000,86460,0,0,stable,86460,0,0,0,
ALL,GRLB,GRLB0xGRC,GRC,EU,100.000,86460,0,0,stable,86460,0,0,0,
ALL,GRNX,GRNX0xGRC,GRC,EU,100.000,86460,0,0,stable,86460,0,0,0,
ALL,GROS,GROS0xGRC,GRC,EU,100.000,86460,0,0,stable,86460,0,0,0,
ALL,GRPS,GRPS0xGRC,GRC,EU,100.000,86460,0,0,stable,86460,0,0,0,
ALL,GRRO,GRRO0xGRC,GRC,EU,100.000,86460,0,0,stable,86460,0,0,0,
ALL,GRSA,GRSA0xGRC,GRC,EU,100.000,86460,0,0,stable,86460,0,0,0,
ALL,GRTA,GRTA0xGRC,GRC,EU,100.000,86460,0,0,stable,86460,0,0,0,
ALL,GRVO,GRVO0xGRC,GRC,EU,100.000,86460,0,0,stable,86460,0,0,0,
ALL,HRLA,HRLA0xHRV,HRV,EU,100.000,86460,0,0,stable,86460,0,0,0,
ALL,HRPL,HRPL0xHRV,HRV,EU,100.000,86460,0,0,stable,86460,0,0,0,
ALL,HRSB,HRSB0xHRV,HRV,EU,100.000,86460,0,0,stable,86460,0,0,0,
ALL,HRVV,HRVV0xHRV,HRV,EU,100.000,86460,0,0,stable,86460,0,0,0,
ALL,HUBU,HUBU0xHUN,HUN,EU,100.000,86460,0,0,stable,86460,0,0,0,
ALL,HUNY,HUNY0xHUN,HUN,EU,100.000,86460,0,0,stable,86460,0,0,0,
ALL,HUSZ,HUSZ0xHUN,HUN,EU,100.000,86460,0,0,stable,86460,0,0,0,
ALL,HUVE,HUVE0xHUN,HUN,EU,0.000,0,86460,0,offline-entire-window,0,86460,0,0,
ALL,IABE,IABE0xUSA,USA,NA,70.507,60960,25500,0,stable,60960,25500,0,0,
ALL,IACE,IACE0xUSA,USA,NA,100.000,86460,0,0,stable,86460,0,0,0,
ALL,IADU,IADU0xUSA,USA,NA,100.000,86460,0,0,stable,86460,0,0,0,
ALL,IAFD,IAFD0xUSA,USA,NA,100.000,86460,0,0,stable,86460,0,0,0,
ALL,IAFM,IAFM0xUSA,USA,NA,100.000,86460,0,0,stable,86460,0,0,0,
ALL,IAGM,IAGM0xUSA,USA,NA,100.000,86460,0,0,stable,86460,0,0,0,
ALL,IAHL,IAHL0xUSA,USA,NA,100.000,86460,0,0,stable,86460,0,0,0,
ALL,IDBU,IDBU0xUSA,USA,NA,100.000,86460,0,0,stable,86460,0,0,0,
ALL,IDCL,IDCL0xUSA,USA,NA,100.000,86460,0,0,stable,86460,0,0,0,
ALL,IDNP,IDNP0xUSA,USA,NA,100.000,86460,0,0,stable,86460,0,0,0,
ALL,IDPO,IDPO0xUSA,USA,NA,100.000,86460,0,0,stable,86460,0,0,0,
ALL,IDRY,IDRY0xUSA,USA,NA,100.000,86460,0,0,stable,86460,0,0,0,
ALL,ILAS,ILAS0xUSA,USA,NA,100.000,86460,0,0,stable,86460,0,0,0,
ALL,ILCY,ILCY0xUSA,USA,NA,100.000,86460,0,0,stable,86460,0,0,0,
ALL,ILRO,ILRO0xUSA,USA,NA,100.000,86460,0,0,stable,86460,0,0,0,
ALL,ILSL,ILSL0xUSA,USA,NA,100.000,86460,0,0,stable,86460,0,0,0,
ALL,ILTV,ILTV0xUSA,USA,NA,100.000,86460,0,0,stable,86460,0,0,0,
ALL,INFN,INFN0xUSA,USA,NA,100.000,86460,0,0,stable,86460,0,0,0,
ALL,INFW,INFW0xUSA,USA,NA,100.000,86460,0,0,stable,86460,0,0,0,
ALL,INSG,INSG0xUSA,USA,NA,100.000,86460,0,0,stable,86460,0,0,0,
ALL,INVO,INVO0xUSA,USA,NA,100.000,86460,0,0,stable,86460,0,0,0,
ALL,IRBA,IRBA0xIRL,IRL,EU,100.000,86460,0,0,stable,86460,0,0,0,
ALL,IRCO,IRCO0xIRL,IRL,EU,100.000,86460,0,0,stable,86460,0,0,0,
ALL,IRDU,IRDU0xIRL,IRL,EU,100.000,86460,0,0,stable,86460,0,0,0,
ALL,IREN,IREN0xIRL,IRL,EU,100.000,86460,0,0,stable,86460,0,0,0,
ALL,IRLD,IRLD0xIRL,IRL,EU,100.000,86460,0,0,stable,86460,0,0,0,
ALL,IRWA,IRWA0xIRL,IRL,EU,100.000,86460,0,0,stable,86460,0,0,0,
ALL,ITAL,ITAL0xITA,ITA,EU,100.000,86460,0,0,stable,86460,0,0,0,
ALL,ITAN,ITAN0xITA,ITA,EU,100.000,86460,0,0,stable,86460,0,0,0,
ALL,ITAP,ITAP0xITA,ITA,EU,100.000,86460,0,0,stable,86460,0,0,0,
ALL,ITBI,ITBI0xITA,ITA,EU,100.000,86460,0,0,stable,86460,0,14400,0,
ALL,ITCA,ITCA0xITA,ITA,EU,100.000,86460,0,0,stable,86460,0,0,0,
ALL,ITCI,ITCI0xITA,ITA,EU,100.000,86460,0,0,stable,86460,0,0,0,
ALL,ITDO,ITDO0xITA,ITA,EU,100.000,86460,0,0,stable,86460,0,0,0,
ALL,ITFO,ITFO0xITA,ITA,EU,100.000,86460,0,0,stable,86460,0,0,0,
ALL,ITLE,ITLE0xITA,ITA,EU,100.000,86460,0,0,stable,86460,0,0,0,
ALL,ITMA,ITMA0xITA,ITA,EU,100.000,86460,0,0,stable,86460,0,0,0,
ALL,ITMI,ITMI0xITA,ITA,EU,100.000,86460,0,0,stable,86460,0,0,0,
ALL,ITMS,ITMS0xITA,ITA,EU,100.000,86460,0,0,stable,86460,0,0,0,
ALL,ITPT,ITPT0xITA,ITA,EU,100.000,86460,0,0,stable,86460,0,0,0,
ALL,ITRA,ITRA0xITA,ITA,EU,100.000,86460,0,0,stable,86460,0,0,0,
ALL,ITRG,ITRG0xITA,ITA,EU,100.000,86460,0,0,stable,86460,0,0,0,
ALL,ITRS,ITRS0xITA,ITA,EU,99.306,85860,600,0,stable,85860,600,15660,0,
ALL,ITSA,ITSA0xITA,ITA,EU,100.000,86460,0,0,stable,86460,0,0,0,
ALL,ITSC,ITSC0xITA,ITA,EU,100.000,86460,0,0,stable,86460,0,0,0,
ALL,ITSL,ITSL0xITA,ITA,EU,100.000,86460,0,0,stable,86460,0,3120,0,
ALL,ITSP,ITSP0xITA,ITA,EU,100.000,86460,0,0,stable,86460,0,0,0,
ALL,ITTE,ITTE0xITA,ITA,EU,100.000,86460,0,0,stable,86460,0,0,0,
ALL,ITTP,ITTP0xITA,ITA,EU,100.000,86460,0,0,stable,86460,0,0,0,
ALL,ITTR,ITTR0xITA,ITA,EU,100.000,86460,0,0,stable,86460,0,0,0,
ALL,ITVE,ITVE0xITA,ITA,EU,100.000,86460,0,0,stable,86460,0,0,0,
ALL,JPAB,JPAB0xJPN,JPN,AP,100.000,86460,0,0,stable,86460,0,0,0,
ALL,JPAG,JPAG0xJPN,JPN,AP,100.000,86460,0,0,stable,86460,0,0,0,
ALL,JPAK,JPAK0xJPN,JPN,AP,100.000,86460,0,0,stable,86460,0,0,0,
ALL,JPBK,JPBK0xJPN,JPN,AP,100.000,86460,0,0,stable,86460,0,0,0,
ALL,JPCH,JPCH0xJPN,JPN,AP,100.000,86460,0,0,stable,86460,0,0,0,
ALL,JPES,JPES0xJPN,JPN,AP,100.000,86460,0,0,stable,86460,0,0,0,
ALL,JPFH,JPFH0xJPN,JPN,AP,100.000,86460,0,0,stable,86460,0,0,0,
ALL,JPFJ,JPFJ0xJPN,JPN,AP,100.000,86460,0,0,stable,86460,0,0,0,
ALL,JPGA,JPGA0xJPN,JPN,AP,100.000,86460,0,0,stable,86460,0,0,0,
ALL,JPGY,JPGY0xJPN,JPN,AP,100.000,86460,0,0,stable,86460,0,0,0,
ALL,JPHG,JPHG0xJPN,JPN,AP,100.000,86460,0,0,stable,86460,0,0,0,
ALL,JPHJ,JPHJ0xJPN,JPN,AP,100.000,86460,0,0,stable,86460,0,0,0,
ALL,JPHZ,JPHZ0xJPN,JPN,AP,100.000,86460,0,0,stable,86460,0,0,0,
ALL,JPIK,JPIK0xJPN,JPN,AP,100.000,86460,0,0,stable,86460,0,0,0,
ALL,JPJT,JPJT0xJPN,JPN,AP,100.000,86460,0,0,stable,86460,0,0,0,
ALL,JPKC,JPKC0xJPN,JPN,AP,100.000,86460,0,0,stable,86460,0,0,0,
ALL,JPKI,JPKI0xJPN,JPN,AP,100.000,86460,0,0,stable,86460,0,0,0,
ALL,JPKM,JPKM0xJPN,JPN,AP,100.000,86460,0,0,stable,86460,0,0,0,
ALL,JPKO,JPKO0xJPN,JPN,AP,100.000,86460,0,0,stable,86460,0,0,0,
ALL,JPKR,JPKR0xJPN,JPN,AP,100.000,86460,0,0,stable,86460,0,0,0,
ALL,JPKT,JPKT0xJPN,JPN,AP,100.000,86460,0,0,stable,86460,0,0,0,
ALL,JPKZ,JPKZ0xJPN,JPN,AP,100.000,86460,0,0,stable,86460,0,0,0,
ALL,JPMA,JPMA0xJPN,JPN,AP,100.000,86460,0,0,stable,86460,0,0,0,
ALL,JPMB,JPMB0xJPN,JPN,AP,100.000,86460,0,0,stable,86460,0,0,0,
ALL,JPMG,JPMG0xJPN,JPN,AP,100.000,86460,0,0,stable,86460,0,0,0,
ALL,JPMI,JPMI0xJPN,JPN,AP,100.000,86460,0,0,stable,86460,0,0,0,
ALL,JPMM,JPMM0xJPN,JPN,AP,100.000,86460,0,0,stable,86460,0,0,0,
ALL,JPMS,JPMS0xJPN,JPN,AP,100.000,86460,0,0,stable,86460,0,0,0,
ALL,JPMY,JPMY0xJPN,JPN,AP,100.000,86460,0,0,stable,86460,0,0,0,
ALL,JPNA,JPNA0xJPN,JPN,AP,100.000,86460,0,0,stable,86460,0,0,0,
ALL,JPNE,JPNE0xJPN,JPN,AP,100.000,86460,0,0,stable,86460,0,0,0,
ALL,JPOB,JPOB0xJPN,JPN,AP,100.000,86460,0,0,stable,86460,0,0,0,
ALL,JPOD,JPOD0xJPN,JPN,AP,100.000,86460,0,0,stable,86460,0,0,0,
ALL,JPOK,JPOK0xJPN,JPN,AP,100.000,86460,0,0,stable,86460,0,0,0,
ALL,JPOT,JPOT0xJPN,JPN,AP,100.000,86460,0,0,stable,86460,0,0,0,
ALL,JPRF,JPRF0xJPN,JPN,AP,100.000,86460,0,0,stable,86460,0,0,0,
ALL,JPSD,JPSD0xJPN,JPN,AP,100.000,86460,0,0,stable,86460,0,0,0,
ALL,JPSM,JPSM0xJPN,JPN,AP,100.000,86460,0,0,stable,86460,0,0,0,
ALL,JPSR,JPSR0xJPN,JPN,AP,100.000,86460,0,0,stable,86460,0,0,0,
ALL,JPSU,JPSU0xJPN,JPN,AP,100.000,86460,0,0,stable,86460,0,0,0,
ALL,JPSW,JPSW0xJPN,JPN,AP,100.000,86460,0,0,stable,86460,0,0,0,
ALL,JPTA,JPTA0xJPN,JPN,AP,100.000,86460,0,0,stable,86460,0,0,0,
ALL,JPTB,JPTB0xJPN,JPN,AP,100.000,86460,0,0,stable,86460,0,0,0,
ALL,JPTD,JPTD0xJPN,JPN,AP,100.000,86460,0,0,stable,86460,0,0,0,
ALL,JPTG,JPTG0xJPN,JPN,AP,100.000,86460,0,0,stable,86460,0,0,0,
ALL,JPTH,JPTH0xJPN,JPN,AP,100.000,86460,0,0,stable,86460,0,0,0,
ALL,JPTJ,JPTJ0xJPN,JPN,AP,100.000,86460,0,0,stable,86460,0,0,0,
ALL,JPTO,JPTO0xJPN,JPN,AP,100.000,86460,0,0,stable,86460,0,0,0,
ALL,JPTS,JPTS0xJPN,JPN,AP,100.000,86460,0,0,stable,86460,0,0,0,
ALL,JPTT,JPTT0xJPN,JPN,AP,100.000,86460,0,0,stable,86460,0,0,0,
ALL,JPUJ,JPUJ0xJPN,JPN,AP,100.000,86460,0,0,stable,86460,0,0,0,
ALL,JPUS,JPUS0xJPN,JPN,AP,100.000,86460,0,0,stable,86460,0,0,0,
ALL,JPWK,JPWK0xJPN,JPN,AP,100.000,86460,0,0,stable,86460,0,0,0,
ALL,JPYA,JPYA0xJPN,JPN,AP,100.000,86460,0,0,stable,86460,0,0,0,
ALL,JPYI,JPYI0xJPN,JPN,AP,100.000,86460,0,0,stable,86460,0,0,0,
ALL,JPYK,JPYK0xJPN,JPN,AP,100.000,86460,0,0,stable,86460,0,0,0,
ALL,JPYT,JPYT0xJPN,JPN,AP,100.000,86460,0,0,stable,86460,0,0,0,
ALL,KSAB,KSAB0xUSA,USA,NA,100.000,86460,0,0,stable,86460,0,0,0,
ALL,KSGL,KSGL0xUSA,USA,NA,100.000,86460,0,0,stable,86460,0,0,0,
ALL,KSHU,KSHU0xUSA,USA,NA,100.000,86460,0,0,stable,86460,0,0,0,
ALL,KSKA,KSKA0xUSA,USA,NA,100.000,86460,0,0,stable,86460,0,0,0,
ALL,KTCR,KTCR0xKOR,KOR,AP,100.000,86460,0,0,stable,86460,0,0,0,
ALL,KTG1,KTG10xKOR,KOR,AP,100.000,86460,0,0,stable,86460,0,0,0,
ALL,KTG2,KTG20xKOR,KOR,AP,100.000,86460,0,0,stable,86460,0,0,0,
ALL,KTGB,KTGB0xKOR,KOR,AP,100.000,86460,0,0,stable,86460,0,0,0,
ALL,KTGH,KTGH0xKOR,KOR,AP,100.000,86460,0,0,stable,86460,0,0,0,
ALL,KTGJ,KTGJ0xKOR,KOR,AP,100.000,86460,0,0,stable,86460,0,0,0,
ALL,KTGN,KTGN0xKOR,KOR,AP,100.000,86460,0,0,stable,86460,0,0,0,
ALL,KTGY,KTGY0xKOR,KOR,AP,100.000,86460,0,0,stable,86460,0,0,0,
ALL,KTHM,KTHM0xKOR,KOR,AP,100.000,86460,0,0,stable,86460,0,0,0,
ALL,KTHS,KTHS0xKOR,KOR,AP,100.000,86460,0,0,stable,86460,0,0,0,
ALL,KTHY,KTHY0xKOR,KOR,AP,100.000,86460,0,0,stable,86460,0,0,0,
ALL,KTIS,KTIS0xKOR,KOR,AP,100.000,86460,0,0,stable,86460,0,0,0,
ALL,KTJJ,KTJJ0xKOR,KOR,AP,100.000,86460,0,0,stable,86460,0,0,0,
ALL,KTJP,KTJP0xKOR,KOR,AP,100.000,86460,0,0,stable,86460,0,0,0,
ALL,KTSG,KTSG0xKOR,KOR,AP,100.000,86460,0,0,stable,86460,0,0,0,
ALL,KTUJ,KTUJ0xKOR,KOR,AP,100.000,86460,0,0,stable,86460,0,0,0,
ALL,KTUS,KTUS0xKOR,KOR,AP,100.000,86460,0,0,stable,86460,0,0,0,
ALL,KTYG,KTYG0xKOR,KOR,AP,100.000,86460,0,0,stable,86460,0,0,0,
ALL,KTYJ,KTYJ0xKOR,KOR,AP,100.000,86460,0,0,stable,86460,0,0,0,
ALL,KTYY,KTYY0xKOR,KOR,AP,100.000,86460,0,0,stable,86460,0,0,0,
ALL,KYME,KYME0xUSA,USA,NA,100.000,86460,0,0,stable,86460,0,0,0,
ALL,KYPD,KYPD0xUSA,USA,NA,100.000,86460,0,0,stable,86460,0,0,0,
ALL,LAB0,LAB00xUSA,USA,NA,100.000,518760,0,0,stable,518760,0,0,0,
ALL,LADE,LADE0xUSA,USA,NA,100.000,86460,0,0,stable,86460,0,0,0,
ALL,LAOD,LAOD0xUSA,USA,NA,100.000,86460,0,0,stable,86460,0,0,0,
ALL,LARS,LARS0xUSA,USA,NA,100.000,86460,0,0,stable,86460,0,0,0,
ALL,LASP,LASP0xUSA,USA,NA,100.000,86460,0,0,stable,86460,0,0,0,
ALL,LVVM,LVVM0xLVA,LVA,EU,100.000,86460,0,0,stable,86460,0,0,0,
ALL,MASG,MASG0xUSA,USA,NA,100.000,86460,0,0,stable,86460,0,0,0,
ALL,MDBA,MDBA0xUSA,USA,NA,100.000,86460,0,0,stable,86460,0,0,0,
ALL,MDFL,MDFL0xUSA,USA,NA,100.000,86460,0,0,stable,86460,0,0,0,
ALL,MEEW,MEEW0xUSA,USA,NA,100.000,86460,0,0,stable,86460,0,0,0,
ALL,MEMW,MEMW0xUSA,USA,NA,100.000,86460,0,0,stable,86460,0,14400,0,
ALL,MEPL,MEPL0xUSA,USA,NA,100.000,86460,0,0,stable,86460,0,0,0,
ALL,MIAL,MIAL0xUSA,USA,NA,100.000,86460,0,0,stable,86460,0,0,0,
ALL,MIDB,MIDB0xUSA,USA,NA,100.000,86460,0,0,stable,86460,0,0,0,
ALL,MIGB,MIGB0xUSA,USA,NA,100.000,86460,0,0,stable,86460,0,0,0,
ALL,MIGR,MIGR0xUSA,USA,NA,100.000,86460,0,0,stable,86460,0,0,0,
ALL,MIMI,MIMI0xUSA,USA,NA,100.000,86460,0,0,stable,86460,0,0,0,
ALL,MIMK,MIMK0xUSA,USA,NA,100.000,86460,0,0,stable,86460,0,0,0,
ALL,MINB,MINB0xUSA,USA,NA,100.000,86460,0,0,stable,86460,0,0,0,
ALL,MIPT,MIPT0xUSA,USA,NA,100.000,86460,0,0,stable,86460,0,0,0,
ALL,MIUP,MIUP0xUSA,USA,NA,100.000,86460,0,0,stable,86460,0,0,0,
ALL,MNAE,MNAE0xUSA,USA,NA,100.000,86460,0,0,stable,86460,0,0,0,
ALL,MNAS,MNAS0xUSA,USA,NA,100.000,86460,0,0,stable,86460,0,0,0,
ALL,MNGM,MNGM0xUSA,USA,NA,100.000,86460,0,0,stable,86460,0,0,0,
ALL,MNMH,MNMH0xUSA,USA,NA,100.000,86460,0,0,stable,86460,0,0,0,
ALL,MNSC,MNSC0xUSA,USA,NA,100.000,86460,0,0,stable,86460,0,0,0,
ALL,MNSP,MNSP0xUSA,USA,NA,100.000,86460,0,0,stable,86460,0,0,0,
ALL,MNWN,MNWN0xUSA,USA,NA,100.000,86460,0,0,stable,86460,0,0,0,
ALL,MNWR,MNWR0xUSA,USA,NA,100.000,86460,0,0,stable,86460,0,0,0,
ALL,MOCF,MOCF0xUSA,USA,NA,100.000,86460,0,0,stable,86460,0,0,0,
ALL,MOJP,MOJP0xUSA,USA,NA,100.000,86460,0,0,stable,86460,0,0,0,
ALL,MOMC,MOMC0xUSA,USA,NA,100.000,86460,0,0,stable,86460,0,0,0,
ALL,MOWB,MOWB0xUSA,USA,NA,100.000,86460,0,0,stable,86460,0,0,0,
ALL,MSLL,MSLL0xUSA,USA,NA,100.000,86460,0,0,stable,86460,0,0,0,
ALL,MSPG,MSPG0xUSA,USA,NA,100.000,86460,0,0,stable,86460,0,0,0,
ALL,MTCO,MTCO0xUSA,USA,NA,100.000,86460,0,0,stable,86460,0,0,0,
ALL,MTDD,MTDD0xUSA,USA,NA,100.000,86460,0,0,stable,86460,0,0,0,
ALL,MTFH,MTFH0xUSA,USA,NA,100.000,86460,0,0,stable,86460,0,0,0,
ALL,MTGE,MTGE0xUSA,USA,NA,100.000,86460,0,0,stable,86460,0,0,0,
ALL,MTGR,MTGR0xUSA,USA,NA,100.000,86460,0,0,stable,86460,0,0,0,
ALL,MTHN,MTHN0xUSA,USA,NA,100.000,86460,0,0,stable,86460,0,0,0,
ALL,MTHT,MTHT0xUSA,USA,NA,100.000,86460,0,0,stable,86460,0,0,0,
ALL,MTPL,MTPL0xUSA,USA,NA,97.849,84600,1860,0,stable,84600,1860,0,0,
ALL,MTTF,MTTF0xUSA,USA,NA,100.000,86460,0,0,stable,86460,0,0,0,
ALL,NCMR,NCMR0xUSA,USA,NA,100.000,86460,0,0,stable,86460,0,0,0,
ALL,NCMV,NCMV0xUSA,USA,NA,100.000,86460,0,0,stable,86460,0,0,0,
ALL,NCNB,NCNB0xUSA,USA,NA,0.000,0,86460,0,offline-entire-window,0,86460,0,0,
ALL,NCTC,NCTC0xUSA,USA,NA,100.000,86460,0,0,stable,86460,0,0,0,
ALL,NDDL,NDDL0xUSA,USA,NA,100.000,86460,0,0,stable,86460,0,0,0,
ALL,NDJT,NDJT0xUSA,USA,NA,100.000,86460,0,0,stable,86460,0,0,0,
ALL,NDLB,NDLB0xUSA,USA,NA,100.000,86460,0,0,stable,86460,0,0,0,
ALL,NDLS,NDLS0xUSA,USA,NA,100.000,86460,0,0,stable,86460,0,0,0,
ALL,NDMN,NDMN0xUSA,USA,NA,100.000,86460,0,0,stable,86460,0,0,0,
ALL,NDNN,NDNN0xUSA,USA,NA,100.000,86460,0,0,stable,86460,0,0,0,
ALL,NEAL,NEAL0xUSA,USA,NA,100.000,86460,0,0,stable,86460,0,0,0,
ALL,NEBT,NEBT0xUSA,USA,NA,100.000,86460,0,0,stable,86460,0,0,0,
ALL,NEGI,NEGI0xUSA,USA,NA,100.000,86460,0,0,stable,86460,0,0,0,
ALL,NENF,NENF0xUSA,USA,NA,100.000,86460,0,0,stable,86460,0,0,0,
ALL,NENP,NENP0xUSA,USA,NA,100.000,86460,0,0,stable,86460,0,0,0,
ALL,NESN,NESN0xUSA,USA,NA,100.000,86460,0,0,stable,86460,0,0,0,
ALL,NEVT,NEVT0xUSA,USA,NA,99.237,85800,660,0,stable,85800,660,0,0,
ALL,NHHT,NHHT0xUSA,USA,NA,100.000,86460,0,0,stable,86460,0,43200,0,
ALL,NJMM,NJMM0xUSA,USA,NA,100.000,86460,0,0,stable,86460,0,0,0,
ALL,NLBR,NLBR0xNLD,NLD,EU,100.000,86460,0,0,stable,86460,0,0,0,
ALL,NLMM,NLMM0xNLD,NLD,EU,100.000,86460,0,0,stable,86460,0,0,0,
ALL,NLUL,NLUL0xNLD,NLD,EU,100.000,86460,0,0,stable,86460,0,0,0,
ALL,NMDE,NMDE0xUSA,USA,NA,100.000,86460,0,0,stable,86460,0,0,0,
ALL,NMGP,NMGP0xUSA,USA,NA,100.000,86460,0,0,stable,86460,0,0,0,
ALL,NMRN,NMRN0xUSA,USA,NA,100.000,86460,0,0,stable,86460,0,0,0,
ALL,NMRR,NMRR0xUSA,USA,NA,100.000,86460,0,0,stable,86460,0,0,0,
ALL,NMTC,NMTC0xUSA,USA,NA,100.000,86460,0,0,stable,86460,0,0,0,
ALL,NMTM,NMTM0xUSA,USA,NA,100.000,86460,0,0,stable,86460,0,0,0,
ALL,NOAL,NOAL0xNOR,NOR,EU,100.000,86460,0,0,stable,86460,0,0,0,
ALL,NOBE,NOBE0xNOR,NOR,EU,100.000,86460,0,0,stable,86460,0,0,0,
ALL,NOBR,NOBR0xNOR,NOR,EU,100.000,86460,0,0,stable,86460,0,0,0,
ALL,NOGE,NOGE0xNOR,NOR,EU,100.000,86460,0,0,stable,86460,0,0,0,
ALL,NOHA,NOHA0xNOR,NOR,EU,100.000,86460,0,0,stable,86460,0,0,0,
ALL,NOKR,NOKR0xNOR,NOR,EU,100.000,86460,0,0,stable,86460,0,0,0,
ALL,NOKU,NOKU0xNOR,NOR,EU,100.000,86460,0,0,stable,86460,0,0,0,
ALL,NOLF,NOLF0xNOR,NOR,EU,100.000,86460,0,0,stable,86460,0,0,0,
ALL,NONO,NONO0xNOR,NOR,EU,100.000,86460,0,0,stable,86460,0,0,0,
ALL,NOPG,NOPG0xNOR,NOR,EU,100.000,86460,0,0,stable,86460,0,0,0,
ALL,NORO,NORO0xNOR,NOR,EU,100.000,86460,0,0,stable,86460,0,0,0,
ALL,NOSE,NOSE0xNOR,NOR,EU,100.000,86460,0,0,stable,86460,0,0,0,
ALL,NOSV,NOSV0xNOR,NOR,EU,100.000,86460,0,0,stable,86460,0,0,0,
ALL,NOTR,NOTR0xNOR,NOR,EU,100.000,86460,0,0,stable,86460,0,0,0,
ALL,NOVA,NOVA0xNOR,NOR,EU,100.000,86460,0,0,stable,86460,0,0,0,
ALL,NOVI,NOVI0xNOR,NOR,EU,100.000,86460,0,0,stable,86460,0,0,0,
ALL,NVCA,NVCA0xUSA,USA,NA,100.000,86460,0,0,stable,86460,0,0,0,
ALL,NVEL,NVEL0xUSA,USA,NA,99.237,85800,660,0,stable,85800,660,0,0,
ALL,NVLV,NVLV0xUSA,USA,NA,100.000,86460,0,0,stable,86460,0,0,0,
ALL,NVMQ,NVMQ0xUSA,USA,NA,100.000,86460,0,0,stable,86460,0,0,0,
ALL,NVPP,NVPP0xUSA,USA,NA,100.000,86460,0,0,stable,86460,0,0,0,
ALL,NVRO,NVRO0xUSA,USA,NA,100.000,86460,0,0,stable,86460,0,0,0,
ALL,NVRP,NVRP0xUSA,USA,NA,100.000,86460,0,0,stable,86460,0,0,0,
ALL,NVTN,NVTN0xUSA,USA,NA,0.000,0,86460,0,offline-entire-window,0,86460,0,0,
ALL,NVVL,NVVL0xUSA,USA,NA,100.000,86460,0,0,stable,86460,0,0,0,
ALL,NVWW,NVWW0xUSA,USA,NA,100.000,86460,0,0,stable,86460,0,0,0,
ALL,NYAN,NYAN0xUSA,USA,NA,100.000,86460,0,0,stable,86460,0,0,0,
ALL,NYCT,NYCT0xUSA,USA,NA,100.000,86460,0,0,stable,86460,0,0,0,
ALL,NYNB,NYNB0xUSA,USA,NA,100.000,86460,0,0,stable,86460,0,0,0,
ALL,NYSJ,NYSJ0xUSA,USA,NA,100.000,86460,0,0,stable,86460,0,0,0,
ALL,OHCL,OHCL0xUSA,USA,NA,100.000,86460,0,0,stable,86460,0,0,0,
ALL,OHGB,OHGB0xUSA,USA,NA,100.000,86460,0,0,stable,86460,0,0,0,
ALL,OHLG,OHLG0xUSA,USA,NA,0.000,0,86460,0,offline-entire-window,0,86460,0,0,
ALL,OHOT,OHOT0xUSA,USA,NA,100.000,86460,0,0,stable,86460,0,0,0,
ALL,OKAL,OKAL0xUSA,USA,NA,100.000,86460,0,0,stable,86460,0,0,0,
ALL,OKAR,OKAR0xUSA,USA,NA,100.000,86460,0,0,stable,86460,0,0,0,
ALL,OKGU,OKGU0xUSA,USA,NA,100.000,86460,0,0,stable,86460,0,0,0,
ALL,OKMC,OKMC0xUSA,USA,NA,100.000,86460,0,0,stable,86460,0,0,0,
ALL,OKOK,OKOK0xUSA,USA,NA,100.000,86460,0,0,stable,86460,0,0,0,
ALL,OKTA,OKTA0xUSA,USA,NA,100.000,86460,0,0,stable,86460,0,0,0,
ALL,ORAS,ORAS0xUSA,USA,NA,100.000,86460,0,0,stable,86460,0,0,0,
ALL,ORBC,ORBC0xUSA,USA,NA,100.000,86460,0,0,stable,86460,0,0,0,
ALL,ORBD,ORBD0xUSA,USA,NA,100.000,86460,0,0,stable,86460,0,0,0,
ALL,ORBR,ORBR0xUSA,USA,NA,100.000,86460,0,0,stable,86460,0,0,0,
ALL,OREU,OREU0xUSA,USA,NA,100.000,86460,0,0,stable,86460,0,0,0,
ALL,ORPD,ORPD0xUSA,USA,NA,0.000,0,86460,0,offline-entire-window,0,86460,0,0,
ALL,ORRB,ORRB0xUSA,USA,NA,100.000,86460,0,0,stable,86460,0,0,0,
ALL,ORSL,ORSL0xUSA,USA,NA,100.000,86460,0,0,stable,86460,0,0,0,
ALL,PAAL,PAAL0xUSA,USA,NA,100.000,86460,0,0,stable,86460,0,0,0,
ALL,PACG,PACG0xUSA,USA,NA,100.000,86460,0,0,stable,86460,0,0,0,
ALL,PACR,PACR0xUSA,USA,NA,100.000,86460,0,0,stable,86460,0,0,0,
ALL,PAER,PAER0xUSA,USA,NA,100.000,86460,0,0,stable,86460,0,0,0,
ALL,PAMF,PAMF0xUSA,USA,NA,100.000,86460,0,0,stable,86460,0,0,0,
ALL,PANC,PANC0xUSA,USA,NA,100.000,86460,0,0,stable,86460,0,0,0,
ALL,PATM,PATM0xUSA,USA,NA,100.000,86460,0,0,stable,86460,0,0,0,
ALL,POBI,POBI0xPOL,POL,EU,100.000,86460,0,0,stable,86460,0,0,0,
ALL,POCH,POCH0xPOL,POL,EU,100.000,86460,0,0,stable,86460,0,0,0,
ALL,POCZ,POCZ0xPOL,POL,EU,100.000,86460,0,0,stable,86460,0,0,0,
ALL,PODA,PODA0xPOL,POL,EU,100.000,86460,0,0,stable,86460,0,0,0,
ALL,POGD,POGD0xPOL,POL,EU,100.000,86460,0,0,stable,86460,0,0,0,
ALL,POKL,POKL0xPOL,POL,EU,100.000,86460,0,0,stable,86460,0,0,0,
ALL,POOL,POOL0xPOL,POL,EU,100.000,86460,0,0,stable,86460,0,0,0,
ALL,POPO,POPO0xPOL,POL,EU,100.000,86460,0,0,stable,86460,0,0,0,
ALL,POPR,POPR0xPOL,POL,EU,100.000,86460,0,0,stable,86460,0,0,0,
ALL,POSU,POSU0xPOL,POL,EU,100.000,86460,0,0,stable,86460,0,0,0,
ALL,POTU,POTU0xPOL,POL,EU,100.000,86460,0,0,stable,86460,0,0,0,
ALL,POWA,POWA0xPOL,POL,EU,100.000,86460,0,0,stable,86460,0,0,0,
ALL,POWW,POWW0xPOL,POL,EU,100.000,86460,0,0,stable,86460,0,0,0,
ALL,PRAC,PRAC0xPRT,PRT,EU,100.000,86460,0,0,stable,86460,0,0,0,
ALL,PRBR,PRBR0xPRT,PRT,EU,100.000,86460,0,0,stable,86460,0,0,0,
ALL,PRGU,PRGU0xPRT,PRT,EU,100.000,86460,0,0,stable,86460,0,14400,0,
ALL,PRLA,PRLA0xPRT,PRT,EU,100.000,86460,0,0,stable,86460,0,0,0,
ALL,PRLB,PRLB0xPRT,PRT,EU,100.000,86460,0,0,stable,86460,0,0,0,
ALL,PRLE,PRLE0xPRT,PRT,EU,100.000,86460,0,0,stable,86460,0,0,0,
ALL,PRMA,PRMA0xPRT,PRT,EU,100.000,86460,0,0,stable,86460,0,0,0,
ALL,PRMD,PRMD0xPRT,PRT,EU,100.000,86460,0,0,stable,86460,0,0,0,
ALL,ROBC,ROBC0xROU,ROU,EU,100.000,86460,0,0,stable,86460,0,0,0,
ALL,ROBO,ROBO0xROU,ROU,EU,100.000,86460,0,0,stable,86460,0,0,0,
ALL,ROBR,ROBR0xROU,ROU,EU,100.000,86460,0,0,stable,86460,0,0,0,
ALL,RODE,RODE0xROU,ROU,EU,100.000,86460,0,0,stable,86460,0,0,0,
ALL,ROMA,ROMA0xROU,ROU,EU,100.000,86460,0,0,stable,86460,0,0,0,
ALL,RONA,RONA0xROU,ROU,EU,0.000,0,86460,0,offline-entire-window,0,86460,0,0,
ALL,ROSG,ROSG0xROU,ROU,EU,100.000,86460,0,0,stable,86460,0,0,0,
ALL,ROSI,ROSI0xROU,ROU,EU,100.000,86460,0,0,stable,86460,0,0,0,
ALL,ROTM,ROTM0xROU,ROU,EU,100.000,86460,0,0,stable,86460,0,0,0,
ALL,ROTU,ROTU0xROU,ROU,EU,100.000,86460,0,0,stable,86460,0,0,0,
ALL,SCMP,SCMP0xUSA,USA,NA,100.000,86460,0,0,stable,86460,0,0,0,
ALL,SDMG,SDMG0xUSA,USA,NA,100.000,86460,0,0,stable,86460,0,0,0,
ALL,SDML,SDML0xUSA,USA,NA,100.000,86460,0,0,stable,86460,0,0,0,
ALL,SDPR,SDPR0xUSA,USA,NA,100.000,86460,0,0,stable,86460,0,0,0,
ALL,SDRC,SDRC0xUSA,USA,NA,100.000,86460,0,0,stable,86460,0,0,0,
ALL,SDRS,SDRS0xUSA,USA,NA,100.000,86460,0,0,stable,86460,0,0,0,
ALL,SDWT,SDWT0xUSA,USA,NA,100.000,86460,0,0,stable,86460,0,0,0,
ALL,SGPC,SGPC0xSGP,SGP,AP,100.000,86460,0,0,stable,86460,0,0,0,
ALL,SGPH,SGPH0xSGP,SGP,AP,100.000,86460,0,0,stable,86460,0,0,0,
ALL,SGPK,SGPK0xSGP,SGP,AP,100.000,86460,0,0,stable,86460,0,0,0,
ALL,SGPY,SGPY0xSGP,SGP,AP,100.000,86460,0,0,stable,86460,0,0,0,
ALL,SKCW,SKCW0xKOR,KOR,AP,100.000,86460,0,0,stable,86460,0,0,0,
ALL,SKDG,SKDG0xKOR,KOR,AP,100.000,86460,0,0,stable,86460,0,0,0,
ALL,SKDH,SKDH0xKOR,KOR,AP,100.000,86460,0,0,stable,86460,0,0,0,
ALL,SKDY,SKDY0xKOR,KOR,AP,100.000,86460,0,0,stable,86460,0,0,0,
ALL,SKGG,SKGG0xKOR,KOR,AP,100.000,86460,0,0,stable,86460,0,0,0,
ALL,SKGJ,SKGJ0xKOR,KOR,AP,100.000,86460,0,0,stable,86460,0,0,0,
ALL,SKGS,SKGS0xKOR,KOR,AP,100.000,86460,0,0,stable,86460,0,0,0,
ALL,SKHJ,SKHJ0xKOR,KOR,AP,100.000,86460,0,0,stable,86460,0,0,0,
ALL,SKHP,SKHP0xKOR,KOR,AP,100.000,86460,0,0,stable,86460,0,0,0,
ALL,SKIC,SKIC0xKOR,KOR,AP,100.000,86460,0,0,stable,86460,0,0,0,
ALL,SKJD,SKJD0xKOR,KOR,AP,100.000,86460,0,0,stable,86460,0,0,0,
ALL,SKJG,SKJG0xKOR,KOR,AP,100.000,86460,0,0,stable,86460,0,0,0,
ALL,SKJJ,SKJJ0xKOR,KOR,AP,100.000,86460,0,0,stable,86460,0,0,0,
ALL,SKNH,SKNH0xKOR,KOR,AP,100.000,86460,0,0,stable,86460,0,0,0,
ALL,SKPJ,SKPJ0xKOR,KOR,AP,100.000,86460,0,0,stable,86460,0,0,0,
ALL,SKSC,SKSC0xKOR,KOR,AP,100.000,86460,0,0,stable,86460,0,0,0,
ALL,SKSN,SKSN0xKOR,KOR,AP,100.000,86460,0,0,stable,86460,0,0,0,
ALL,SKSS,SKSS0xKOR,KOR,AP,100.000,86460,0,0,stable,86460,0,0,0,
ALL,SKYD,SKYD0xKOR,KOR,AP,100.000,86460,0,0,stable,86460,0,0,0,
ALL,SKYG,SKYG0xKOR,KOR,AP,100.000,86460,0,0,stable,86460,0,0,0,
ALL,SVBB,SVBB0xSVK,SVK,EU,100.000,86460,0,0,stable,86460,0,0,0,
ALL,SVKE,SVKE0xSVK,SVK,EU,100.000,86460,0,0,stable,86460,0,0,0,
ALL,SWGA,SWGA0xSWE,SWE,EU,100.000,86460,0,0,stable,86460,0,0,0,
ALL,SWGO,SWGO0xSWE,SWE,EU,100.000,86460,0,0,stable,86460,0,0,0,
ALL,SWGV,SWGV0xSWE,SWE,EU,100.000,86460,0,0,stable,86460,0,0,0,
ALL,SWHU,SWHU0xSWE,SWE,EU,100.000,86460,0,0,stable,86460,0,0,0,
ALL,SWJO,SWJO0xSWE,SWE,EU,100.000,86460,0,0,stable,86460,0,0,0,
ALL,SWKA,SWKA0xSWE,SWE,EU,100.000,86460,0,0,stable,86460,0,0,0,
ALL,SWKR,SWKR0xSWE,SWE,EU,100.000,86460,0,0,stable,86460,0,0,0,
ALL,SWLJ,SWLJ0xSWE,SWE,EU,100.000,86460,0,0,stable,86460,0,0,0,
ALL,SWLU,SWLU0xSWE,SWE,EU,100.000,86460,0,0,stable,86460,0,0,0,
ALL,SWMA,SWMA0xSWE,SWE,EU,100.000,86460,0,0,stable,86460,0,0,0,
ALL,SWNO,SWNO0xSWE,SWE,EU,100.000,86460,0,0,stable,86460,0,0,0,
ALL,SWNY,SWNY0xSWE,SWE,EU,100.000,86460,0,0,stable,86460,0,0,0,
ALL,SWOB,SWOB0xSWE,SWE,EU,100.000,86460,0,0,stable,86460,0,0,0,
ALL,SWOK,SWOK0xSWE,SWE,EU,100.000,86460,0,0,stable,86460,0,0,0,
ALL,SWOS,SWOS0xSWE,SWE,EU,100.000,86460,0,0,stable,86460,0,0,0,
ALL,SWSG,SWSG0xSWE,SWE,EU,100.000,86460,0,0,stable,86460,0,0,0,
ALL,SWSK,SWSK0xSWE,SWE,EU,100.000,86460,0,0,stable,86460,0,0,0,
ALL,SWST,SWST0xSWE,SWE,EU,100.000,86460,0,0,stable,86460,0,0,0,
ALL,SWVA,SWVA0xSWE,SWE,EU,100.000,86460,0,0,stable,86460,0,0,0,
ALL,TABB,TABB0xCAN,CAN,NA,100.000,86460,0,0,stable,86460,0,0,0,
ALL,TABC,TABC0xCAN,CAN,NA,100.000,86460,0,0,stable,86460,0,0,0,
ALL,TABE,TABE0xCAN,CAN,NA,100.000,86460,0,0,stable,86460,0,0,0,
ALL,TABF,TABF0xCAN,CAN,NA,100.000,86460,0,0,stable,86460,0,0,0,
ALL,TABG,TABG0xCAN,CAN,NA,100.000,86460,0,0,stable,86460,0,0,0,
ALL,TABH,TABH0xCAN,CAN,NA,100.000,86460,0,0,stable,86460,0,0,0,
ALL,TABO,TABO0xCAN,CAN,NA,100.000,86460,0,0,stable,86460,0,0,0,
ALL,TABP,TABP0xCAN,CAN,NA,100.000,86460,0,0,stable,86460,0,0,0,
ALL,TABW,TABW0xCAN,CAN,NA,100.000,86460,0,0,stable,86460,0,0,0,
ALL,TBC3,TBC30xCAN,CAN,NA,100.000,86460,0,0,stable,86460,0,0,0,
ALL,TBCA,TBCA0xCAN,CAN,NA,100.000,86460,0,0,stable,86460,0,0,0,
ALL,TBCB,TBCB0xCAN,CAN,NA,100.000,86460,0,0,stable,86460,0,0,0,
ALL,TBCC,TBCC0xCAN,CAN,NA,100.000,86460,0,0,stable,86460,0,0,0,
ALL,TBCE,TBCE0xCAN,CAN,NA,100.000,86460,0,0,stable,86460,0,0,0,
ALL,TBCG,TBCG0xCAN,CAN,NA,100.000,86460,0,0,stable,86460,0,0,0,
ALL,TBCH,TBCH0xCAN,CAN,NA,100.000,86460,0,0,stable,86460,0,0,0,
ALL,TBCJ,TBCJ0xCAN,CAN,NA,100.000,86460,0,0,stable,86460,0,0,0,
ALL,TBCK,TBCK0xCAN,CAN,NA,100.000,86460,0,0,stable,86460,0,0,0,
ALL,TBCL,TBCL0xCAN,CAN,NA,100.000,86460,0,0,stable,86460,0,0,0,
ALL,TBCM,TBCM0xCAN,CAN,NA,100.000,86460,0,0,stable,86460,0,0,0,
ALL,TBCP,TBCP0xCAN,CAN,NA,100.000,86460,0,0,stable,86460,0,0,0,
ALL,TBCS,TBCS0xCAN,CAN,NA,100.000,86460,0,0,stable,86460,0,0,0,
ALL,TBCT,TBCT0xCAN,CAN,NA,100.000,86460,0,0,stable,86460,0,0,0,
ALL,TBCV,TBCV0xCAN,CAN,NA,100.000,86460,0,0,stable,86460,0,0,0,
ALL,TBCW,TBCW0xCAN,CAN,NA,100.000,86460,0,0,stable,86460,0,0,0,
ALL,TBCZ,TBCZ0xCAN,CAN,NA,100.000,86460,0,0,stable,86460,0,0,0,
ALL,TMBK,TMBK0xCAN,CAN,NA,100.000,86460,0,0,stable,86460,0,0,0,
ALL,TMBS,TMBS0xCAN,CAN,NA,100.000,86460,0,0,stable,86460,0,0,0,
ALL,TMBW,TMBW0xCAN,CAN,NA,100.000,86460,0,0,stable,86460,0,0,0,
ALL,TNAC,TNAC0xUSA,USA,NA,100.000,86460,0,0,stable,86460,0,0,0,
ALL,TNAM,TNAM0xUSA,USA,NA,100.000,86460,0,0,stable,86460,0,0,0,
ALL,TNBM,TNBM0xCAN,CAN,NA,100.000,86460,0,0,stable,86460,0,0,0,
ALL,TNBR,TNBR0xUSA,USA,NA,100.000,86460,0,0,stable,86460,0,0,0,
ALL,TNBS,TNBS0xCAN,CAN,NA,100.000,86460,0,0,stable,86460,0,0,0,
ALL,TNLB,TNLB0xCAN,CAN,NA,100.000,86460,0,0,stable,86460,0,0,0,
ALL,TNLC,TNLC0xCAN,CAN,NA,100.000,86460,0,0,stable,86460,0,0,0,
ALL,TNLJ,TNLJ0xCAN,CAN,NA,100.000,86460,0,0,stable,86460,0,0,0,
ALL,TNLV,TNLV0xCAN,CAN,NA,100.000,86460,0,0,stable,86460,0,0,0,
ALL,TNME,TNME0xUSA,USA,NA,100.000,86460,0,0,stable,86460,0,0,0,
ALL,TNSG,TNSG0xCAN,CAN,NA,100.000,86460,0,0,stable,86460,0,0,0,
ALL,TNSP,TNSP0xCAN,CAN,NA,100.000,86460,0,0,stable,86460,0,14400,0,
ALL,TNSY,TNSY0xCAN,CAN,NA,100.000,86460,0,0,stable,86460,0,0,0,
ALL,TONA,TONA0xCAN,CAN,NA,100.000,86460,0,0,stable,86460,0,0,0,
ALL,TONE,TONE0xCAN,CAN,NA,100.000,86460,0,0,stable,86460,0,0,0,
ALL,TONF,TONF0xCAN,CAN,NA,100.000,86460,0,0,stable,86460,0,0,0,
ALL,TONG,TONG0xUSA,USA,NA,100.000,86460,0,0,stable,86460,0,0,0,
ALL,TONH,TONH0xCAN,CAN,NA,100.000,86460,0,0,stable,86460,0,0,0,
ALL,TONI,TONI0xCAN,CAN,NA,100.000,86460,0,0,stable,86460,0,0,0,
ALL,TONL,TONL0xCAN,CAN,NA,100.000,86460,0,0,stable,86460,0,0,0,
ALL,TONM,TONM0xCAN,CAN,NA,100.000,86460,0,0,stable,86460,0,0,0,
ALL,TONN,TONN0xCAN,CAN,NA,100.000,86460,0,0,stable,86460,0,0,0,
ALL,TONO,TONO0xCAN,CAN,NA,100.000,86460,0,0,stable,86460,0,0,0,
ALL,TONR,TONR0xCAN,CAN,NA,100.000,86460,0,0,stable,86460,0,0,0,
ALL,TONS,TONS0xCAN,CAN,NA,100.000,86460,0,0,stable,86460,0,0,0,
ALL,TONW,TONW0xCAN,CAN,NA,100.000,86460,0,0,stable,86460,0,0,0,
ALL,TOSM,TOSM0xCAN,CAN,NA,100.000,86460,0,0,stable,86460,0,0,0,
ALL,TPEE,TPEE0xCAN,CAN,NA,100.000,86460,0,0,stable,86460,0,0,0,
ALL,TQC3,TQC30xCAN,CAN,NA,100.000,86460,0,0,stable,86460,0,0,0,
ALL,TQCA,TQCA0xCAN,CAN,NA,100.000,86460,0,0,stable,86460,0,0,0,
ALL,TQCB,TQCB0xCAN,CAN,NA,100.000,86460,0,0,stable,86460,0,0,0,
ALL,TQCC,TQCC0xCAN,CAN,NA,100.000,86460,0,0,stable,86460,0,0,0,
ALL,TQCG,TQCG0xCAN,CAN,NA,100.000,86460,0,0,stable,86460,0,0,0,
ALL,TQCN,TQCN0xCAN,CAN,NA,100.000,86460,0,0,stable,86460,0,0,0,
ALL,TQCO,TQCO0xCAN,CAN,NA,100.000,86460,0,0,stable,86460,0,0,0,
ALL,TQCR,TQCR0xCAN,CAN,NA,100.000,86460,0,0,stable,86460,0,0,0,
ALL,TSKA,TSKA0xCAN,CAN,NA,100.000,86460,0,0,stable,86460,0,0,0,
ALL,TSKB,TSKB0xCAN,CAN,NA,100.000,86460,0,0,stable,86460,0,0,0,
ALL,TSKR,TSKR0xCAN,CAN,NA,100.000,86460,0,0,stable,86460,0,0,0,
ALL,TSKS,TSKS0xCAN,CAN,NA,100.000,86460,0,0,stable,86460,0,0,0,
ALL,TSKV,TSKV0xCAN,CAN,NA,100.000,86460,0,0,stable,86460,0,0,0,
ALL,TSKY,TSKY0xCAN,CAN,NA,100.000,86460,0,0,stable,86460,0,0,0,
ALL,TWBS,TWBS0xTWN,TWN,AP,100.000,86460,0,0,stable,86460,0,0,0,
ALL,TWDL,TWDL0xTWN,TWN,AP,100.000,86460,0,0,stable,86460,0,0,0,
ALL,TWDS,TWDS0xTWN,TWN,AP,100.000,86460,0,0,stable,86460,0,0,0,
ALL,TWFL,TWFL0xTWN,TWN,AP,100.000,86460,0,0,stable,86460,0,0,0,
ALL,TWFX,TWFX0xTWN,TWN,AP,100.000,86460,0,0,stable,86460,0,0,0,
ALL,TWGL,TWGL0xTWN,TWN,AP,100.000,86460,0,0,stable,86460,0,0,0,
ALL,TWGY,TWGY0xTWN,TWN,AP,100.000,86460,0,0,stable,86460,0,0,0,
ALL,TWHC,TWHC0xTWN,TWN,AP,100.000,86460,0,0,stable,86460,0,0,0,
ALL,TWIX,TWIX0xTWN,TWN,AP,100.000,86460,0,0,stable,86460,0,0,0,
ALL,TWJS,TWJS0xTWN,TWN,AP,100.000,86460,0,0,stable,86460,0,0,0,
ALL,TWPH,TWPH0xTWN,TWN,AP,100.000,86460,0,0,stable,86460,0,0,0,
ALL,TWPL,TWPL0xTWN,TWN,AP,100.000,86460,0,0,stable,86460,0,0,0,
ALL,TWPZ,TWPZ0xTWN,TWN,AP,100.000,86460,0,0,stable,86460,0,0,0,
ALL,TWTT,TWTT0xTWN,TWN,AP,100.000,86460,0,0,stable,86460,0,0,0,
ALL,TWTX,TWTX0xTWN,TWN,AP,100.000,86460,0,0,stable,86460,0,0,0,
ALL,TWTY,TWTY0xTWN,TWN,AP,99.237,85800,660,0,stable,85800,660,0,0,
ALL,TWXT,TWXT0xTWN,TWN,AP,100.000,86460,0,0,stable,86460,0,0,0,
ALL,TWZS,TWZS0xTWN,TWN,AP,100.000,86460,0,0,stable,86460,0,0,0,
ALL,TXAM,TXAM0xUSA,USA,NA,100.000,86460,0,0,stable,86460,0,0,0,
ALL,TXAT,TXAT0xUSA,USA,NA,100.000,86460,0,0,stable,86460,0,0,0,
ALL,TXCC,TXCC0xUSA,USA,NA,100.000,86460,0,0,stable,86460,0,0,0,
ALL,TXDR,TXDR0xUSA,USA,NA,100.000,86460,0,0,stable,86460,0,0,0,
ALL,TXEP,TXEP0xUSA,USA,NA,100.000,86460,0,0,stable,86460,0,0,0,
ALL,TXFL,TXFL0xUSA,USA,NA,100.000,86460,0,0,stable,86460,0,0,0,
ALL,TXGV,TXGV0xUSA,USA,NA,0.000,0,86460,0,offline-entire-window,0,86460,0,0,
ALL,TXKL,TXKL0xUSA,USA,NA,100.000,86460,0,0,stable,86460,0,0,0,
ALL,TXLB,TXLB0xUSA,USA,NA,100.000,86460,0,0,stable,86460,0,0,0,
ALL,TXLR,TXLR0xUSA,USA,NA,100.000,86460,0,0,stable,86460,0,0,0,
ALL,TXMF,TXMF0xUSA,USA,NA,100.000,86460,0,0,stable,86460,0,0,0,
ALL,TXNC,TXNC0xUSA,USA,NA,100.000,86460,0,0,stable,86460,0,0,0,
ALL,TXOD,TXOD0xUSA,USA,NA,100.000,86460,0,0,stable,86460,0,0,0,
ALL,TXPO,TXPO0xUSA,USA,NA,100.000,86460,0,0,stable,86460,0,0,0,
ALL,TXSB,TXSB0xUSA,USA,NA,100.000,86460,0,0,stable,86460,0,0,0,
ALL,TXSL,TXSL0xUSA,USA,NA,100.000,86460,0,0,stable,86460,0,0,0,
ALL,TXSN,TXSN0xUSA,USA,NA,100.000,86460,0,0,stable,86460,0,0,0,
ALL,TXSR,TXSR0xUSA,USA,NA,100.000,86460,0,0,stable,86460,0,0,0,
ALL,TXSW,TXSW0xUSA,USA,NA,100.000,86460,0,0,stable,86460,0,0,0,
ALL,UTGU,UTGU0xUSA,USA,NA,100.000,86460,0,0,stable,86460,0,0,0,
ALL,UTHU,UTHU0xUSA,USA,NA,100.000,86460,0,0,stable,86460,0,0,0,
ALL,UTML,UTML0xUSA,USA,NA,100.000,86460,0,0,stable,86460,0,0,0,
ALL,VAAB,VAAB0xUSA,USA,NA,0.000,0,86460,0,offline-entire-window,0,86460,0,0,
ALL,VABF,VABF0xUSA,USA,NA,0.000,0,86460,0,offline-entire-window,0,86460,0,0,
ALL,VACP,VACP0xUSA,USA,NA,100.000,86460,0,0,stable,86460,0,0,0,
ALL,VARM,VARM0xUSA,USA,NA,100.000,86460,0,0,stable,86460,0,0,0,
ALL,VAVN,VAVN0xUSA,USA,NA,100.000,86460,0,0,stable,86460,0,0,0,
ALL,VTRU,VTRU0xUSA,USA,NA,100.000,86460,0,0,stable,86460,0,0,0,
ALL,WALD,WALD0xUSA,USA,NA,100.000,86460,0,0,stable,86460,0,0,0,
ALL,WAMW,WAMW0xUSA,USA,NA,100.000,86460,0,0,stable,86460,0,0,0,
ALL,WARP,WARP0xUSA,USA,NA,100.000,86460,0,0,stable,86460,0,0,0,
ALL,WASE,WASE0xUSA,USA,NA,100.000,86460,0,0,stable,86460,0,0,0,
ALL,WAWA,WAWA0xUSA,USA,NA,100.000,86460,0,0,stable,86460,0,0,0,
ALL,WAYA,WAYA0xUSA,USA,NA,100.000,86460,0,0,stable,86460,0,0,0,
ALL,WIEC,WIEC0xUSA,USA,NA,100.000,86460,0,0,stable,86460,0,0,0,
ALL,WIER,WIER0xUSA,USA,NA,100.000,86460,0,0,stable,86460,0,0,0,
ALL,WIHW,WIHW0xUSA,USA,NA,100.000,86460,0,0,stable,86460,0,0,0,
ALL,WIJO,WIJO0xUSA,USA,NA,100.000,86460,0,0,stable,86460,0,0,0,
ALL,WILC,WILC0XUSA,USA,NA,100.000,86460,0,0,stable,86460,0,0,0,
ALL,WIMR,WIMR0xUSA,USA,NA,100.000,86460,0,0,stable,86460,0,0,0,
ALL,WIPE,WIPE0xUSA,USA,NA,100.000,86460,0,0,stable,86460,0,0,0,
ALL,WISS,WISS0xUSA,USA,NA,100.000,86460,0,0,stable,86460,0,0,0,
ALL,WVSA,WVSA0xUSA,USA,NA,100.000,86460,0,0,stable,86460,0,0,0,
ALL,WYCR,WYCR0xUSA,USA,NA,100.000,86460,0,0,stable,86460,0,0,0,
ALL,WYCW,WYCW0xUSA,USA,NA,100.000,86460,0,0,stable,86460,0,0,0,
ALL,WYEV,WYEV0xUSA,USA,NA,100.000,86460,0,0,stable,86460,0,0,0,
ALL,WYGE,WYGE0xUSA,USA,NA,100.000,86460,0,0,stable,86460,0,0,0,
ALL,WYRS,WYRS0xUSA,USA,NA,100.000,86460,0,0,stable,86460,0,0,0,
ALL,WYWL,WYWL0xUSA,USA,NA,100.000,86460,0,0,stable,86460,0,0,0,
Swift,ABCG,ABCG0xCAN,CAN,NA,100.000,86460,0,0,stable,86460,0,0,0,
Swift,ALBH,ALBH0xUSA,USA,NA,100.000,86460,0,0,stable,86460,0,0,0,
Swift,ALGR,ALGR0xUSA,USA,NA,100.000,86460,0,0,stable,86460,0,0,0,
Swift,ARAK,ARAK0xUSA,USA,NA,100.000,86460,0,0,stable,86460,0,0,0,
Swift,ARCB,ARCB0xUSA,USA,NA,100.000,86460,0,0,stable,86460,0,0,0,
Swift,ARFM,ARFM0xUSA,USA,NA,100.000,86460,0,0,outage-no-cellular,86460,0,0,0,
Swift,AZCH,AZCH0xUSA,USA,NA,100.000,86460,0,0,stable,86460,0,0,0,
Swift,AZCO,AZCO0xUSA,USA,NA,100.000,86460,0,0,stable,86460,0,0,0,
Swift,AZDL,AZDL0xUSA,USA,NA,100.000,86460,0,0,stable,86460,0,0,0,
Swift,AZGB,AZGB0xUSA,USA,NA,100.000,86460,0,0,stable,86460,0,0,0,
Swift,AZHB,AZHB0xUSA,USA,NA,98.543,85200,1260,0,outage-no-cellular,85200,1260,0,0,
Swift,AZPG,AZPG0xUSA,USA,NA,100.000,86460,0,0,stable,86460,0,0,0,
Swift,AZST,AZST0xUSA,USA,NA,100.000,86460,0,0,stable,86460,0,0,0,
Swift,AZWC,AZWC0xUSA,USA,NA,100.000,86460,0,0,stable,86460,0,0,0,
Swift,CAAA,CAAA0xUSA,USA,NA,100.000,86460,0,0,stable,86460,0,0,0,
Swift,CAAS,CAAS0xUSA,USA,NA,100.000,86460,0,0,stable,86460,0,0,0,
Swift,CABE,CABE0xUSA,USA,NA,100.000,86460,0,0,stable,86460,0,0,0,
Swift,CABS,CABS0XUSA,USA,NA,100.000,86460,0,0,stable,86460,0,0,0,
Swift,CABW,CABW0xUSA,USA,NA,100.000,86460,0,0,stable,86460,0,0,0,
Swift,CACS,CACS0xUSA,USA,NA,100.000,86460,0,0,stable,86460,0,0,0,
Swift,CACY,CACY0xUSA,USA,NA,100.000,86460,0,0,stable,86460,0,0,0,
Swift,CADA,CADA0xUSA,USA,NA,100.000,86460,0,0,stable,86460,0,0,0,
Swift,CAEA,CAEA0xUSA,USA,NA,100.000,86460,0,0,stable,86460,0,0,0,
Swift,CAEM,CAEM0xUSA,USA,NA,100.000,86460,0,0,outage-no-cellular,86460,0,0,0,
Swift,CAFR,CAFR0xUSA,USA,NA,100.000,86460,0,0,stable,86460,0,0,0,
Swift,CAFT,CAFT0xUSA,USA,NA,100.000,86460,0,0,stable,86460,0,0,0,
Swift,CAGU,CAGU0xUSA,USA,NA,100.000,86460,0,0,stable,86460,0,0,0,
Swift,CAHM,CAHM0xUSA,USA,NA,100.000,86460,0,0,stable,86460,0,0,0,
Swift,CAIO,CAIO0xUSA,USA,NA,100.000,86460,0,0,stable,86460,0,0,0,
Swift,CALK,CALK0xUSA,USA,NA,100.000,86460,0,0,stable,86460,0,0,0,
Swift,CALV,CALV0xUSA,USA,NA,100.000,86460,0,0,stable,86460,0,0,0,
Swift,CAMH,CAMH0xUSA,USA,NA,100.000,86460,0,0,stable,86460,0,0,0,
Swift,CAMN,CAMN0xUSA,USA,NA,100.000,86460,0,0,stable,86460,0,0,0,
Swift,CAND,CAND0xUSA,USA,NA,100.000,86460,0,0,stable,86460,0,0,0,
Swift,CAOC,CAOC0xUSA,USA,NA,100.000,86460,0,0,brief-failover,86460,0,14400,1,733
Swift,CARD,CARD0xUSA,USA,NA,100.000,86460,0,0,stable,86460,0,0,0,
Swift,CASA,CASA0xUSA,USA,NA,100.000,86460,0,0,stable,86460,0,0,0,
Swift,CASE,CASE0xUSA,USA,NA,100.000,86460,0,0,stable,86460,0,0,0,
Swift,CASJ,CASJ0xUSA,USA,NA,100.000,86460,0,0,stable,86460,0,0,0,
Swift,CASO,CASO0xUSA,USA,NA,100.000,86460,0,0,stable,86460,0,0,0,
Swift,CAST,CAST0xUSA,USA,NA,100.000,86460,0,0,brief-failover,86460,0,14400,1,899
Swift,CAVA,CAVA0xUSA,USA,NA,100.000,86460,0,0,stable,86460,0,0,0,
Swift,CAWD,CAWD0xUSA,USA,NA,100.000,86460,0,0,stable,86460,0,0,0,
Swift,CAWI,CAWI0xUSA,USA,NA,100.000,86460,0,0,stable,86460,0,0,0,
Swift,CAWS,CAWS0xUSA,USA,NA,67.037,57960,28500,0,outage-no-cellular,57960,28500,0,0,
Swift,CAWY,CAWY0xUSA,USA,NA,100.000,86460,0,0,stable,86460,0,0,0,
Swift,CAYA,CAYA0xUSA,USA,NA,100.000,86460,0,0,stable,86460,0,0,0,
Swift,COFO,COFO0xUSA,USA,NA,100.000,86460,0,0,stable,86460,0,0,0,
Swift,COFT,COFT0xUSA,USA,NA,100.000,86460,0,0,stable,86460,0,0,0,
Swift,COLA,COLA0xUSA,USA,NA,100.000,86460,0,0,stable,86460,0,0,0,
Swift,COLM,COLM0xUSA,USA,NA,100.000,86460,0,0,stable,86460,0,0,0,
Swift,COLV,COLV0xUSA,USA,NA,100.000,86460,0,0,stable,86460,0,0,0,
Swift,COPU,COPU0xUSA,USA,NA,100.000,86460,0,0,stable,86460,0,0,0,
Swift,CORI,CORI0xUSA,USA,NA,100.000,86460,0,0,stable,86460,0,0,0,
Swift,FLBR,FLBR0xUSA,USA,NA,100.000,86460,0,0,stable,86460,0,0,0,
Swift,FLCK,FLCK0xUSA,USA,NA,100.000,86460,0,0,stable,86460,0,0,0,
Swift,FLHO,FLHO0xUSA,USA,NA,92.922,80340,6120,0,outage-no-cellular,80340,6120,0,0,
Swift,FLLL,FLLL0xUSA,USA,NA,100.000,86460,0,0,stable,86460,0,0,0,
Swift,FLMB,FLMB0xUSA,USA,NA,100.000,86460,0,0,stable,86460,0,0,0,
Swift,FLNV,FLNV0xUSA,USA,NA,100.000,86460,0,0,stable,86460,0,0,0,
Swift,FLOP,FLOP0xUSA,USA,NA,100.000,86460,0,0,stable,86460,0,0,0,
Swift,FLPJ,FLPJ0xUSA,USA,NA,100.000,86460,0,0,stable,86460,0,0,0,
Swift,FLPL,FLPL0xUSA,USA,NA,100.000,86460,0,0,brief-failover,86460,0,14400,1,992
Swift,FLSS,FLSS0xUSA,USA,NA,100.000,86460,0,0,stable,86460,0,0,0,
Swift,GACA,GACA0xUSA,USA,NA,100.000,86460,0,0,stable,86460,0,0,0,
Swift,GACB,GACB0xUSA,USA,NA,100.000,86460,0,0,stable,86460,0,0,0,
Swift,GADE,GADE0xUSA,USA,NA,100.000,86460,0,0,stable,86460,0,0,0,
Swift,GAMR,GAMR0xUSA,USA,NA,100.000,86460,0,0,stable,86460,0,0,0,
Swift,GASV,GASV0xUSA,USA,NA,100.000,86460,0,0,stable,86460,0,0,0,
Swift,IABE,IABE0xUSA,USA,NA,70.507,60960,25500,0,outage-no-cellular,60960,25500,0,0,
Swift,IACE,IACE0xUSA,USA,NA,100.000,86460,0,0,stable,86460,0,0,0,
Swift,IADU,IADU0xUSA,USA,NA,100.000,86460,0,0,stable,86460,0,0,0,
Swift,IAFD,IAFD0xUSA,USA,NA,100.000,86460,0,0,stable,86460,0,0,0,
Swift,IAFM,IAFM0xUSA,USA,NA,100.000,86460,0,0,stable,86460,0,0,0,
Swift,IAGM,IAGM0xUSA,USA,NA,100.000,86460,0,0,stable,86460,0,0,0,
Swift,IAHL,IAHL0xUSA,USA,NA,100.000,86460,0,0,stable,86460,0,0,0,
Swift,IDBU,IDBU0xUSA,USA,NA,100.000,86460,0,0,stable,86460,0,0,0,
Swift,IDCL,IDCL0xUSA,USA,NA,100.000,86460,0,0,stable,86460,0,0,0,
Swift,IDNP,IDNP0xUSA,USA,NA,100.000,86460,0,0,stable,86460,0,0,0,
Swift,IDPO,IDPO0xUSA,USA,NA,100.000,86460,0,0,stable,86460,0,0,0,
Swift,IDRY,IDRY0xUSA,USA,NA,100.000,86460,0,0,stable,86460,0,0,0,
Swift,ILAS,ILAS0xUSA,USA,NA,100.000,86460,0,0,stable,86460,0,0,0,
Swift,ILCY,ILCY0xUSA,USA,NA,100.000,86460,0,0,stable,86460,0,0,0,
Swift,ILRO,ILRO0xUSA,USA,NA,100.000,86460,0,0,stable,86460,0,0,0,
Swift,ILSL,ILSL0xUSA,USA,NA,100.000,86460,0,0,stable,86460,0,0,0,
Swift,ILTV,ILTV0xUSA,USA,NA,100.000,86460,0,0,stable,86460,0,0,0,
Swift,INFN,INFN0xUSA,USA,NA,100.000,86460,0,0,stable,86460,0,0,0,
Swift,INFW,INFW0xUSA,USA,NA,100.000,86460,0,0,stable,86460,0,0,0,
Swift,INSG,INSG0xUSA,USA,NA,100.000,86460,0,0,stable,86460,0,0,0,
Swift,INVO,INVO0xUSA,USA,NA,100.000,86460,0,0,stable,86460,0,0,0,
Swift,KSAB,KSAB0xUSA,USA,NA,100.000,86460,0,0,stable,86460,0,0,0,
Swift,KSGL,KSGL0xUSA,USA,NA,100.000,86460,0,0,stable,86460,0,0,0,
Swift,KSHU,KSHU0xUSA,USA,NA,100.000,86460,0,0,stable,86460,0,0,0,
Swift,KSKA,KSKA0xUSA,USA,NA,100.000,86460,0,0,stable,86460,0,0,0,
Swift,KYME,KYME0xUSA,USA,NA,100.000,86460,0,0,stable,86460,0,0,0,
Swift,KYPD,KYPD0xUSA,USA,NA,100.000,86460,0,0,stable,86460,0,0,0,
Swift,LAB0,LAB00xUSA,USA,NA,100.000,518760,0,0,stable,518760,0,0,0,
Swift,LADE,LADE0xUSA,USA,NA,100.000,86460,0,0,stable,86460,0,0,0,
Swift,LAOD,LAOD0xUSA,USA,NA,100.000,86460,0,0,stable,86460,0,0,0,
Swift,LARS,LARS0xUSA,USA,NA,100.000,86460,0,0,stable,86460,0,0,0,
Swift,LASP,LASP0xUSA,USA,NA,100.000,86460,0,0,stable,86460,0,0,0,
Swift,LVVM,LVVM0xLVA,LVA,EU,100.000,86460,0,0,stable,86460,0,0,0,
Swift,MASG,MASG0xUSA,USA,NA,100.000,86460,0,0,stable,86460,0,0,0,
Swift,MDBA,MDBA0xUSA,USA,NA,100.000,86460,0,0,stable,86460,0,0,0,
Swift,MDFL,MDFL0xUSA,USA,NA,100.000,86460,0,0,stable,86460,0,0,0,
Swift,MEEW,MEEW0xUSA,USA,NA,100.000,86460,0,0,stable,86460,0,0,0,
Swift,MEMW,MEMW0xUSA,USA,NA,100.000,86460,0,0,brief-failover,86460,0,14400,1,1283
Swift,MEPL,MEPL0xUSA,USA,NA,100.000,86460,0,0,stable,86460,0,0,0,
Swift,MIAL,MIAL0xUSA,USA,NA,100.000,86460,0,0,stable,86460,0,0,0,
Swift,MIDB,MIDB0xUSA,USA,NA,100.000,86460,0,0,stable,86460,0,0,0,
Swift,MIGB,MIGB0xUSA,USA,NA,100.000,86460,0,0,stable,86460,0,0,0,
Swift,MIGR,MIGR0xUSA,USA,NA,100.000,86460,0,0,stable,86460,0,0,0,
Swift,MIMI,MIMI0xUSA,USA,NA,100.000,86460,0,0,stable,86460,0,0,0,
Swift,MIMK,MIMK0xUSA,USA,NA,100.000,86460,0,0,stable,86460,0,0,0,
Swift,MINB,MINB0xUSA,USA,NA,100.000,86460,0,0,stable,86460,0,0,0,
Swift,MIPT,MIPT0xUSA,USA,NA,100.000,86460,0,0,stable,86460,0,0,0,
Swift,MIUP,MIUP0xUSA,USA,NA,100.000,86460,0,0,stable,86460,0,0,0,
Swift,MNAE,MNAE0xUSA,USA,NA,100.000,86460,0,0,stable,86460,0,0,0,
Swift,MNAS,MNAS0xUSA,USA,NA,100.000,86460,0,0,stable,86460,0,0,0,
Swift,MNGM,MNGM0xUSA,USA,NA,100.000,86460,0,0,stable,86460,0,0,0,
Swift,MNMH,MNMH0xUSA,USA,NA,100.000,86460,0,0,stable,86460,0,0,0,
Swift,MNSC,MNSC0xUSA,USA,NA,100.000,86460,0,0,stable,86460,0,0,0,
Swift,MNSP,MNSP0xUSA,USA,NA,100.000,86460,0,0,stable,86460,0,0,0,
Swift,MNWN,MNWN0xUSA,USA,NA,100.000,86460,0,0,stable,86460,0,0,0,
Swift,MNWR,MNWR0xUSA,USA,NA,100.000,86460,0,0,stable,86460,0,0,0,
Swift,MOCF,MOCF0xUSA,USA,NA,100.000,86460,0,0,stable,86460,0,0,0,
Swift,MOJP,MOJP0xUSA,USA,NA,100.000,86460,0,0,stable,86460,0,0,0,
Swift,MOMC,MOMC0xUSA,USA,NA,100.000,86460,0,0,stable,86460,0,0,0,
Swift,MOWB,MOWB0xUSA,USA,NA,100.000,86460,0,0,stable,86460,0,0,0,
Swift,MSLL,MSLL0xUSA,USA,NA,100.000,86460,0,0,stable,86460,0,0,0,
Swift,MSPG,MSPG0xUSA,USA,NA,100.000,86460,0,0,stable,86460,0,0,0,
Swift,MTCO,MTCO0xUSA,USA,NA,100.000,86460,0,0,stable,86460,0,0,0,
Swift,MTDD,MTDD0xUSA,USA,NA,100.000,86460,0,0,stable,86460,0,0,0,
Swift,MTFH,MTFH0xUSA,USA,NA,100.000,86460,0,0,stable,86460,0,0,0,
Swift,MTGE,MTGE0xUSA,USA,NA,100.000,86460,0,0,stable,86460,0,0,0,
Swift,MTGR,MTGR0xUSA,USA,NA,100.000,86460,0,0,stable,86460,0,0,0,
Swift,MTHN,MTHN0xUSA,USA,NA,100.000,86460,0,0,stable,86460,0,0,0,
Swift,MTHT,MTHT0xUSA,USA,NA,100.000,86460,0,0,stable,86460,0,0,0,
Swift,MTPL,MTPL0xUSA,USA,NA,97.849,84600,1860,0,outage-no-cellular,84600,1860,0,0,
Swift,MTTF,MTTF0xUSA,USA,NA,100.000,86460,0,0,stable,86460,0,0,0,
Swift,NCMR,NCMR0xUSA,USA,NA,100.000,86460,0,0,stable,86460,0,0,0,
Swift,NCMV,NCMV0xUSA,USA,NA,100.000,86460,0,0,stable,86460,0,0,0,
Swift,NCNB,NCNB0xUSA,USA,NA,0.000,0,86460,0,offline-entire-window,0,86460,0,0,
Swift,NCTC,NCTC0xUSA,USA,NA,100.000,86460,0,0,stable,86460,0,0,0,
Swift,NDDL,NDDL0xUSA,USA,NA,100.000,86460,0,0,stable,86460,0,0,0,
Swift,NDJT,NDJT0xUSA,USA,NA,100.000,86460,0,0,stable,86460,0,0,0,
Swift,NDLB,NDLB0xUSA,USA,NA,100.000,86460,0,0,stable,86460,0,0,0,
Swift,NDLS,NDLS0xUSA,USA,NA,100.000,86460,0,0,stable,86460,0,0,0,
Swift,NDMN,NDMN0xUSA,USA,NA,100.000,86460,0,0,stable,86460,0,0,0,
Swift,NDNN,NDNN0xUSA,USA,NA,100.000,86460,0,0,stable,86460,0,0,0,
Swift,NEAL,NEAL0xUSA,USA,NA,100.000,86460,0,0,stable,86460,0,0,0,
Swift,NEBT,NEBT0xUSA,USA,NA,100.000,86460,0,0,stable,86460,0,0,0,
Swift,NEGI,NEGI0xUSA,USA,NA,100.000,86460,0,0,stable,86460,0,0,0,
Swift,NENF,NENF0xUSA,USA,NA,100.000,86460,0,0,stable,86460,0,0,0,
Swift,NENP,NENP0xUSA,USA,NA,100.000,86460,0,0,stable,86460,0,0,0,
Swift,NESN,NESN0xUSA,USA,NA,100.000,86460,0,0,stable,86460,0,0,0,
Swift,NEVT,NEVT0xUSA,USA,NA,99.237,85800,660,0,outage-no-cellular,85800,660,0,0,
Swift,NHHT,NHHT0xUSA,USA,NA,100.000,86460,0,0,brief-failover,86460,0,43200,4,889
Swift,NJMM,NJMM0xUSA,USA,NA,100.000,86460,0,0,stable,86460,0,0,0,
Swift,NMDE,NMDE0xUSA,USA,NA,100.000,86460,0,0,stable,86460,0,0,0,
Swift,NMGP,NMGP0xUSA,USA,NA,100.000,86460,0,0,stable,86460,0,0,0,
Swift,NMRN,NMRN0xUSA,USA,NA,100.000,86460,0,0,stable,86460,0,0,0,
Swift,NMRR,NMRR0xUSA,USA,NA,100.000,86460,0,0,stable,86460,0,0,0,
Swift,NMTC,NMTC0xUSA,USA,NA,100.000,86460,0,0,stable,86460,0,0,0,
Swift,NMTM,NMTM0xUSA,USA,NA,100.000,86460,0,0,stable,86460,0,0,0,
Swift,NVCA,NVCA0xUSA,USA,NA,100.000,86460,0,0,stable,86460,0,0,0,
Swift,NVEL,NVEL0xUSA,USA,NA,99.237,85800,660,0,outage-no-cellular,85800,660,0,0,
Swift,NVLV,NVLV0xUSA,USA,NA,100.000,86460,0,0,stable,86460,0,0,0,
Swift,NVMQ,NVMQ0xUSA,USA,NA,100.000,86460,0,0,stable,86460,0,0,0,
Swift,NVPP,NVPP0xUSA,USA,NA,100.000,86460,0,0,stable,86460,0,0,0,
Swift,NVRO,NVRO0xUSA,USA,NA,100.000,86460,0,0,stable,86460,0,0,0,
Swift,NVRP,NVRP0xUSA,USA,NA,100.000,86460,0,0,stable,86460,0,0,0,
Swift,NVTN,NVTN0xUSA,USA,NA,0.000,0,86460,0,offline-entire-window,0,86460,0,0,
Swift,NVVL,NVVL0xUSA,USA,NA,100.000,86460,0,0,stable,86460,0,0,0,
Swift,NVWW,NVWW0xUSA,USA,NA,100.000,86460,0,0,outage-no-cellular,86460,0,0,0,
Swift,NYAN,NYAN0xUSA,USA,NA,100.000,86460,0,0,stable,86460,0,0,0,
Swift,NYCT,NYCT0xUSA,USA,NA,100.000,86460,0,0,stable,86460,0,0,0,
Swift,NYNB,NYNB0xUSA,USA,NA,100.000,86460,0,0,stable,86460,0,0,0,
Swift,NYSJ,NYSJ0xUSA,USA,NA,100.000,86460,0,0,stable,86460,0,0,0,
Swift,OHCL,OHCL0xUSA,USA,NA,100.000,86460,0,0,stable,86460,0,0,0,
Swift,OHGB,OHGB0xUSA,USA,NA,100.000,86460,0,0,stable,86460,0,0,0,
Swift,OHLG,OHLG0xUSA,USA,NA,0.000,0,86460,0,offline-entire-window,0,86460,0,0,
Swift,OHOT,OHOT0xUSA,USA,NA,100.000,86460,0,0,stable,86460,0,0,0,
Swift,OKAL,OKAL0xUSA,USA,NA,100.000,86460,0,0,stable,86460,0,0,0,
Swift,OKAR,OKAR0xUSA,USA,NA,100.000,86460,0,0,stable,86460,0,0,0,
Swift,OKGU,OKGU0xUSA,USA,NA,100.000,86460,0,0,stable,86460,0,0,0,
Swift,OKMC,OKMC0xUSA,USA,NA,100.000,86460,0,0,stable,86460,0,0,0,
Swift,OKOK,OKOK0xUSA,USA,NA,100.000,86460,0,0,stable,86460,0,0,0,
Swift,OKTA,OKTA0xUSA,USA,NA,100.000,86460,0,0,stable,86460,0,0,0,
Swift,ORAS,ORAS0xUSA,USA,NA,100.000,86460,0,0,stable,86460,0,0,0,
Swift,ORBC,ORBC0xUSA,USA,NA,100.000,86460,0,0,stable,86460,0,0,0,
Swift,ORBD,ORBD0xUSA,USA,NA,100.000,86460,0,0,stable,86460,0,0,0,
Swift,ORBR,ORBR0xUSA,USA,NA,100.000,86460,0,0,stable,86460,0,0,0,
Swift,OREU,OREU0xUSA,USA,NA,100.000,86460,0,0,stable,86460,0,0,0,
Swift,ORPD,ORPD0xUSA,USA,NA,0.000,0,86460,0,offline-entire-window,0,86460,0,0,
Swift,ORRB,ORRB0xUSA,USA,NA,100.000,86460,0,0,stable,86460,0,0,0,
Swift,ORSL,ORSL0xUSA,USA,NA,100.000,86460,0,0,stable,86460,0,0,0,
Swift,PAAL,PAAL0xUSA,USA,NA,100.000,86460,0,0,stable,86460,0,0,0,
Swift,PACG,PACG0xUSA,USA,NA,100.000,86460,0,0,stable,86460,0,0,0,
Swift,PACR,PACR0xUSA,USA,NA,100.000,86460,0,0,stable,86460,0,0,0,
Swift,PAER,PAER0xUSA,USA,NA,100.000,86460,0,0,stable,86460,0,0,0,
Swift,PAMF,PAMF0xUSA,USA,NA,100.000,86460,0,0,stable,86460,0,0,0,
Swift,PANC,PANC0xUSA,USA,NA,100.000,86460,0,0,stable,86460,0,0,0,
Swift,PATM,PATM0xUSA,USA,NA,100.000,86460,0,0,stable,86460,0,0,0,
Swift,SCMP,SCMP0xUSA,USA,NA,100.000,86460,0,0,stable,86460,0,0,0,
Swift,SDMG,SDMG0xUSA,USA,NA,100.000,86460,0,0,stable,86460,0,0,0,
Swift,SDML,SDML0xUSA,USA,NA,100.000,86460,0,0,stable,86460,0,0,0,
Swift,SDPR,SDPR0xUSA,USA,NA,100.000,86460,0,0,stable,86460,0,0,0,
Swift,SDRC,SDRC0xUSA,USA,NA,100.000,86460,0,0,stable,86460,0,0,0,
Swift,SDRS,SDRS0xUSA,USA,NA,100.000,86460,0,0,stable,86460,0,0,0,
Swift,SDWT,SDWT0xUSA,USA,NA,100.000,86460,0,0,stable,86460,0,0,0,
Swift,TNAC,TNAC0xUSA,USA,NA,100.000,86460,0,0,stable,86460,0,0,0,
Swift,TNAM,TNAM0xUSA,USA,NA,100.000,86460,0,0,stable,86460,0,0,0,
Swift,TNBR,TNBR0xUSA,USA,NA,100.000,86460,0,0,stable,86460,0,0,0,
Swift,TNME,TNME0xUSA,USA,NA,100.000,86460,0,0,stable,86460,0,0,0,
Swift,TXAM,TXAM0xUSA,USA,NA,100.000,86460,0,0,stable,86460,0,0,0,
Swift,TXAT,TXAT0xUSA,USA,NA,100.000,86460,0,0,stable,86460,0,0,0,
Swift,TXCC,TXCC0xUSA,USA,NA,100.000,86460,0,0,stable,86460,0,0,0,
Swift,TXDR,TXDR0xUSA,USA,NA,100.000,86460,0,0,stable,86460,0,0,0,
Swift,TXEP,TXEP0xUSA,USA,NA,100.000,86460,0,0,stable,86460,0,0,0,
Swift,TXFL,TXFL0xUSA,USA,NA,100.000,86460,0,0,stable,86460,0,0,0,
Swift,TXGV,TXGV0xUSA,USA,NA,0.000,0,86460,0,offline-entire-window,0,86460,0,0,
Swift,TXKL,TXKL0xUSA,USA,NA,100.000,86460,0,0,stable,86460,0,0,0,
Swift,TXLB,TXLB0xUSA,USA,NA,100.000,86460,0,0,stable,86460,0,0,0,
Swift,TXLR,TXLR0xUSA,USA,NA,100.000,86460,0,0,stable,86460,0,0,0,
Swift,TXMF,TXMF0xUSA,USA,NA,100.000,86460,0,0,stable,86460,0,0,0,
Swift,TXNC,TXNC0xUSA,USA,NA,100.000,86460,0,0,stable,86460,0,0,0,
Swift,TXOD,TXOD0xUSA,USA,NA,100.000,86460,0,0,stable,86460,0,0,0,
Swift,TXPO,TXPO0xUSA,USA,NA,100.000,86460,0,0,stable,86460,0,0,0,
Swift,TXSB,TXSB0xUSA,USA,NA,100.000,86460,0,0,stable,86460,0,0,0,
Swift,TXSL,TXSL0xUSA,USA,NA,100.000,86460,0,0,stable,86460,0,0,0,
Swift,TXSN,TXSN0xUSA,USA,NA,100.000,86460,0,0,stable,86460,0,0,0,
Swift,TXSR,TXSR0xUSA,USA,NA,100.000,86460,0,0,stable,86460,0,0,0,
Swift,TXSW,TXSW0xUSA,USA,NA,100.000,86460,0,0,stable,86460,0,0,0,
Swift,UTGU,UTGU0xUSA,USA,NA,100.000,86460,0,0,stable,86460,0,0,0,
Swift,UTHU,UTHU0xUSA,USA,NA,100.000,86460,0,0,stable,86460,0,0,0,
Swift,UTML,UTML0xUSA,USA,NA,100.000,86460,0,0,stable,86460,0,0,0,
Swift,VAAB,VAAB0xUSA,USA,NA,0.000,0,86460,0,offline-entire-window,0,86460,0,0,
Swift,VABF,VABF0xUSA,USA,NA,0.000,0,86460,0,offline-entire-window,0,86460,0,0,
Swift,VACP,VACP0xUSA,USA,NA,100.000,86460,0,0,stable,86460,0,0,0,
Swift,VARM,VARM0xUSA,USA,NA,100.000,86460,0,0,stable,86460,0,0,0,
Swift,VAVN,VAVN0xUSA,USA,NA,100.000,86460,0,0,stable,86460,0,0,0,
Swift,VTRU,VTRU0xUSA,USA,NA,100.000,86460,0,0,stable,86460,0,0,0,
Swift,WALD,WALD0xUSA,USA,NA,100.000,86460,0,0,stable,86460,0,0,0,
Swift,WAMW,WAMW0xUSA,USA,NA,100.000,86460,0,0,stable,86460,0,0,0,
Swift,WARP,WARP0xUSA,USA,NA,100.000,86460,0,0,stable,86460,0,0,0,
Swift,WASE,WASE0xUSA,USA,NA,100.000,86460,0,0,stable,86460,0,0,0,
Swift,WAWA,WAWA0xUSA,USA,NA,100.000,86460,0,0,stable,86460,0,0,0,
Swift,WAYA,WAYA0xUSA,USA,NA,100.000,86460,0,0,stable,86460,0,0,0,
Swift,WIEC,WIEC0xUSA,USA,NA,100.000,86460,0,0,stable,86460,0,0,0,
Swift,WIER,WIER0xUSA,USA,NA,100.000,86460,0,0,stable,86460,0,0,0,
Swift,WIHW,WIHW0xUSA,USA,NA,100.000,86460,0,0,stable,86460,0,0,0,
Swift,WIJO,WIJO0xUSA,USA,NA,100.000,86460,0,0,stable,86460,0,0,0,
Swift,WILC,WILC0XUSA,USA,NA,100.000,86460,0,0,stable,86460,0,0,0,
Swift,WIMR,WIMR0xUSA,USA,NA,100.000,86460,0,0,stable,86460,0,0,0,
Swift,WIPE,WIPE0xUSA,USA,NA,100.000,86460,0,0,stable,86460,0,0,0,
Swift,WISS,WISS0xUSA,USA,NA,100.000,86460,0,0,stable,86460,0,0,0,
Swift,WVSA,WVSA0xUSA,USA,NA,100.000,86460,0,0,stable,86460,0,0,0,
Swift,WYCR,WYCR0xUSA,USA,NA,100.000,86460,0,0,stable,86460,0,0,0,
Swift,WYCW,WYCW0xUSA,USA,NA,100.000,86460,0,0,stable,86460,0,0,0,
Swift,WYEV,WYEV0xUSA,USA,NA,100.000,86460,0,0,stable,86460,0,0,0,
Swift,WYGE,WYGE0xUSA,USA,NA,100.000,86460,0,0,stable,86460,0,0,0,
Swift,WYRS,WYRS0xUSA,USA,NA,100.000,86460,0,0,stable,86460,0,0,0,
Swift,WYWL,WYWL0xUSA,USA,NA,100.000,86460,0,0,stable,86460,0,0,0,
DFMG,ATFS,ATFS0xAUT,AUT,EU,100.000,86460,0,0,stable,86460,0,0,0,
DFMG,ATGD,ATGD0xAUT,AUT,EU,100.000,86460,0,0,stable,86460,0,0,0,
DFMG,ATHB,ATHB0xAUT,AUT,EU,100.000,86460,0,0,stable,86460,0,0,0,
DFMG,ATHL,ATHL0xAUT,AUT,EU,100.000,86460,0,0,stuck-degraded,86460,0,86460,10,359
DFMG,ATJB,ATJB0xAUT,AUT,EU,100.000,86460,0,0,stable,86460,0,0,0,
DFMG,ATKA,ATKA0xAUT,AUT,EU,100.000,86460,0,0,stable,86460,0,0,0,
DFMG,BGBL,BGBL0xBGR,BGR,EU,100.000,86460,0,0,stable,86460,0,0,0,
DFMG,BGBO,BGBO0xBGR,BGR,EU,100.000,86460,0,0,stable,86460,0,0,0,
DFMG,BGLO,BGLO0xBGR,BGR,EU,100.000,86460,0,0,stable,86460,0,0,0,
DFMG,BGPV,BGPV0xBGR,BGR,EU,100.000,86460,0,0,stable,86460,0,0,0,
DFMG,BGVI,BGVI0xBGR,BGR,EU,100.000,86460,0,0,stable,86460,0,0,0,
DFMG,BGVN,BGVN0xBGR,BGR,EU,100.000,86460,0,0,brief-failover,86460,0,14400,1,1137
DFMG,CZOL,CZOL0xCZE,CZE,EU,100.000,86460,0,0,stable,86460,0,0,0,
DFMG,CZPA,CZPA0xCZE,CZE,EU,100.000,86460,0,0,stable,86460,0,0,0,
DFMG,DNAB,DNAB0xDNK,DNK,EU,100.000,86460,0,0,stable,86460,0,0,0,
DFMG,DNBR,DNBR0xDNK,DNK,EU,100.000,86460,0,0,stable,86460,0,0,0,
DFMG,DNHS,DNHS0xDNK,DNK,EU,100.000,86460,0,0,stable,86460,0,0,0,
DFMG,DNSO,DNSO0xDNK,DNK,EU,100.000,86460,0,0,stable,86460,0,0,0,
DFMG,DTBA,DTBA0xDEU,DEU,EU,100.000,86460,0,0,stable,86460,0,0,0,
DFMG,DTBN,DTBN0xDEU,DEU,EU,100.000,86460,0,0,stable,86460,0,0,0,
DFMG,DTBR,DTBR0xDEU,DEU,EU,100.000,86460,0,0,stable,86460,0,0,0,
DFMG,DTDD,DTDD0xDEU,DEU,EU,100.000,86460,0,0,stable,86460,0,0,0,
DFMG,DTFB,DTFB0xDEU,DEU,EU,100.000,86460,0,0,stable,86460,0,0,0,
DFMG,DTGB,DTGB0xDEU,DEU,EU,100.000,86460,0,0,stable,86460,0,0,0,
DFMG,DTHL,DTHL0xDEU,DEU,EU,100.000,86460,0,0,stable,86460,0,0,0,
DFMG,DTHR,DTHR0xDEU,DEU,EU,100.000,86460,0,0,stable,86460,0,0,0,
DFMG,DTHT,DTHT0xDEU,DEU,EU,100.000,86460,0,0,stable,86460,0,0,0,
DFMG,DTIF,DTIF0xDEU,DEU,EU,100.000,86460,0,0,stable,86460,0,0,0,
DFMG,DTKM,DTKM0xDEU,DEU,EU,100.000,86460,0,0,stable,86460,0,0,0,
DFMG,DTMB,DTMB0xDEU,DEU,EU,100.000,86460,0,0,stable,86460,0,0,0,
DFMG,DTMH,DTMH0xDEU,DEU,EU,100.000,86460,0,0,outage-no-cellular,86460,0,0,0,
DFMG,DTND,DTND0xDEU,DEU,EU,100.000,86460,0,0,stable,86460,0,0,0,
DFMG,DTOB,DTOB0xDEU,DEU,EU,100.000,86460,0,0,stable,86460,0,0,0,
DFMG,DTOS,DTOS0xDEU,DEU,EU,100.000,86460,0,0,stable,86460,0,0,0,
DFMG,DTPW,DTPW0xDEU,DEU,EU,100.000,86460,0,0,stable,86460,0,0,0,
DFMG,DTSW,DTSW0xDEU,DEU,EU,100.000,86460,0,0,stable,86460,0,0,0,
DFMG,DTVD,DTVD0xDEU,DEU,EU,100.000,86460,0,0,stable,86460,0,0,0,
DFMG,DTVR,DTVR0xDEU,DEU,EU,100.000,86460,0,0,stable,86460,0,0,0,
DFMG,DTWL,DTWL0xDEU,DEU,EU,100.000,86460,0,0,stable,86460,0,0,0,
DFMG,DTWR,DTWR0xDEU,DEU,EU,100.000,86460,0,0,stable,86460,0,0,0,
DFMG,DTZU,DTZU0xDEU,DEU,EU,100.000,86460,0,0,stable,86460,0,0,0,
DFMG,ESAC,ESAC0xESP,ESP,EU,100.000,86460,0,0,stable,86460,0,0,0,
DFMG,ESBN,ESBN0xESP,ESP,EU,100.000,86460,0,0,outage-no-cellular,86460,0,0,0,
DFMG,ESCB,ESCB0xESP,ESP,EU,100.000,86460,0,0,stable,86460,0,0,0,
DFMG,ESCD,ESCD0xESP,ESP,EU,100.000,86460,0,0,stable,86460,0,0,0,
DFMG,ESCM,ESCM0xESP,ESP,EU,100.000,86460,0,0,brief-failover,86460,0,14400,1,774
DFMG,ESCO,ESCO0xESP,ESP,EU,100.000,86460,0,0,stable,86460,0,0,0,
DFMG,ESCU,ESCU0xESP,ESP,EU,100.000,86460,0,0,stable,86460,0,0,0,
DFMG,ESEI,ESEI0xESP,ESP,EU,100.000,86460,0,0,stable,86460,0,0,0,
DFMG,ESGC,ESGC0xESP,ESP,EU,100.000,86460,0,0,stable,86460,0,0,0,
DFMG,ESGU,ESGU0xESP,ESP,EU,100.000,86460,0,0,stable,86460,0,0,0,
DFMG,ESHU,ESHU0xESP,ESP,EU,100.000,86460,0,0,stable,86460,0,0,0,
DFMG,ESME,ESME0xESP,ESP,EU,100.000,86460,0,0,stable,86460,0,0,0,
DFMG,ESMG,ESMG0xESP,ESP,EU,100.000,86460,0,0,stable,86460,0,0,0,
DFMG,ESML,ESML0xESP,ESP,EU,100.000,86460,0,0,stable,86460,0,0,0,
DFMG,ESMR,ESMR0xESP,ESP,EU,100.000,86460,0,0,stable,86460,0,0,0,
DFMG,ESMU,ESMU0xESP,ESP,EU,100.000,86460,0,0,stable,86460,0,0,0,
DFMG,ESMZ,ESMZ0xESP,ESP,EU,100.000,86460,0,0,stable,86460,0,0,0,
DFMG,ESNM,ESNM0xESP,ESP,EU,100.000,86460,0,0,stable,86460,0,0,0,
DFMG,ESOV,ESOV0xESP,ESP,EU,100.000,86460,0,0,stable,86460,0,0,0,
DFMG,ESSC,ESSC0xESP,ESP,EU,100.000,86460,0,0,stable,86460,0,0,0,
DFMG,ESSE,ESSE0xESP,ESP,EU,100.000,86460,0,0,stable,86460,0,0,0,
DFMG,ESTA,ESTA0xESP,ESP,EU,100.000,86460,0,0,stable,86460,0,0,0,
DFMG,ESVA,ESVA0xESP,ESP,EU,97.016,83880,2580,0,flapping,83880,2580,21660,5,505
DFMG,ESVI,ESVI0xESP,ESP,EU,100.000,86460,0,0,stable,86460,0,0,0,
DFMG,ESZA,ESZA0xESP,ESP,EU,100.000,86460,0,0,stable,86460,0,0,0,
DFMG,FIEK,FIEK0xFIN,FIN,EU,100.000,86460,0,0,stable,86460,0,0,0,
DFMG,FIHA,FIHA0xFIN,FIN,EU,100.000,86460,0,0,stable,86460,0,0,0,
DFMG,FIII,FIII0xFIN,FIN,EU,100.000,86460,0,0,stable,86460,0,0,0,
DFMG,FIIV,FIIV0xFIN,FIN,EU,100.000,86460,0,0,stable,86460,0,0,0,
DFMG,FIJM,FIJM0xFIN,FIN,EU,0.000,0,86460,0,offline-entire-window,0,86460,0,0,
DFMG,FIJO,FIJO0xFIN,FIN,EU,100.000,86460,0,0,stable,86460,0,0,0,
DFMG,FIKL,FIKL0xFIN,FIN,EU,100.000,86460,0,0,stable,86460,0,0,0,
DFMG,FIKM,FIKM0xFIN,FIN,EU,100.000,86460,0,0,stable,86460,0,0,0,
DFMG,FILA,FILA0xFIN,FIN,EU,100.000,86460,0,0,stable,86460,0,0,0,
DFMG,FILV,FILV0xFIN,FIN,EU,100.000,86460,0,0,stable,86460,0,0,0,
DFMG,FIMU,FIMU0xFIN,FIN,EU,100.000,86460,0,0,stable,86460,0,0,0,
DFMG,FINA,FINA0xFIN,FIN,EU,100.000,86460,0,0,stable,86460,0,0,0,
DFMG,FISU,FISU0xFIN,FIN,EU,100.000,86460,0,0,stable,86460,0,0,0,
DFMG,FITA,FITA0xFIN,FIN,EU,100.000,86460,0,0,stable,86460,0,0,0,
DFMG,FIUU,FIUU0xFIN,FIN,EU,100.000,86460,0,0,stable,86460,0,0,0,
DFMG,FRAC,FRAC0xFRA,FRA,EU,100.000,86460,0,0,stable,86460,0,0,0,
DFMG,FRAR,FRAR0xFRA,FRA,EU,100.000,86460,0,0,outage-no-cellular,86460,0,0,0,
DFMG,FRBD,FRBD0xFRA,FRA,EU,100.000,86460,0,0,stable,86460,0,0,0,
DFMG,FRBE,FRBE0xFRA,FRA,EU,100.000,86460,0,0,outage-no-cellular,86460,0,0,0,
DFMG,FRBY,FRBY0xFRA,FRA,EU,100.000,86460,0,0,stable,86460,0,0,0,
DFMG,FRCB,FRCB0xFRA,FRA,EU,100.000,86460,0,0,brief-failover,86460,0,600,1,1386
DFMG,FRCH,FRCH0xFRA,FRA,EU,100.000,86460,0,0,stable,86460,0,0,0,
DFMG,FRCO,FRCO0xFRA,FRA,EU,100.000,86460,0,0,stable,86460,0,0,0,
DFMG,FRDI,FRDI0xFRA,FRA,EU,100.000,86460,0,0,stable,86460,0,0,0,
DFMG,FRDL,FRDL0xFRA,FRA,EU,100.000,86460,0,0,stable,86460,0,0,0,
DFMG,FRDU,FRDU0xFRA,FRA,EU,100.000,86460,0,0,stable,86460,0,0,0,
DFMG,FRGE,FRGE0xFRA,FRA,EU,98.473,85140,1320,0,stuck-degraded,85140,1320,21720,5,620
DFMG,FRHR,FRHR0xFRA,FRA,EU,100.000,86460,0,0,brief-failover,86460,0,14400,1,806
DFMG,FRHV,FRHV0xFRA,FRA,EU,100.000,86460,0,0,stable,86460,0,0,0,
DFMG,FRLA,FRLA0xFRA,FRA,EU,100.000,86460,0,0,stable,86460,0,0,0,
DFMG,FRLM,FRLM0xFRA,FRA,EU,100.000,86460,0,0,stable,86460,0,0,0,
DFMG,FRLO,FRLO0xFRA,FRA,EU,100.000,86460,0,0,stable,86460,0,0,0,
DFMG,FRMC,FRMC0xFRA,FRA,EU,100.000,86460,0,0,stable,86460,0,0,0,
DFMG,FRMG,FRMG0xFRA,FRA,EU,0.000,0,86460,0,offline-entire-window,0,86460,0,0,
DFMG,FRMO,FRMO0xFRA,FRA,EU,100.000,86460,0,0,stable,86460,0,0,0,
DFMG,FRNA,FRNA0xFRA,FRA,EU,100.000,86460,0,0,stable,86460,0,0,0,
DFMG,FRNI,FRNI0xFRA,FRA,EU,100.000,86460,0,0,stable,86460,0,0,0,
DFMG,FRPE,FRPE0xFRA,FRA,EU,100.000,86460,0,0,stable,86460,0,0,0,
DFMG,FRPT,FRPT0xFRA,FRA,EU,100.000,86460,0,0,stable,86460,0,0,0,
DFMG,FRRF,FRRF0xFRA,FRA,EU,100.000,86460,0,0,stable,86460,0,0,0,
DFMG,FRRO,FRRO0xFRA,FRA,EU,100.000,86460,0,0,outage-no-cellular,86460,0,0,0,
DFMG,FRSG,FRSG0xFRA,FRA,EU,100.000,86460,0,0,stable,86460,0,0,0,
DFMG,FRVA,FRVA0xFRA,FRA,EU,100.000,86460,0,0,brief-failover,86460,0,5400,1,89
DFMG,GBCC,GBCC0xGBR,GBR,EU,100.000,86460,0,0,stable,86460,0,0,0,
DFMG,GBCD,GBCD0xGBR,GBR,EU,100.000,86460,0,0,stable,86460,0,0,0,
DFMG,GBCT,GBCT0xGBR,GBR,EU,99.237,85800,660,0,brief-failover,85800,660,14400,1,878
DFMG,GBDB,GBDB0xGBR,GBR,EU,100.000,86460,0,0,stable,86460,0,0,0,
DFMG,GBGY,GBGY0xGBR,GBR,EU,100.000,86460,0,0,stable,86460,0,0,0,
DFMG,GBKS,GBKS0xGBR,GBR,EU,100.000,86460,0,0,stable,86460,0,0,0,
DFMG,GBLH,GBLH0xGBR,GBR,EU,100.000,86460,0,0,stable,86460,0,0,0,
DFMG,GBLP,GBLP0xGBR,GBR,EU,100.000,86460,0,0,stable,86460,0,0,0,
DFMG,GBNQ,GBNQ0xGBR,GBR,EU,100.000,86460,0,0,stable,86460,0,0,0,
DFMG,GBOB,GBOB0xGBR,GBR,EU,100.000,86460,0,0,stable,86460,0,0,0,
DFMG,GBPH,GBPH0xGBR,GBR,EU,100.000,86460,0,0,stable,86460,0,0,0,
DFMG,GBSA,GBSA0xGBR,GBR,EU,100.000,86460,0,0,stable,86460,0,0,0,
DFMG,GBSB,GBSB0xGBR,GBR,EU,100.000,86460,0,0,stable,86460,0,0,0,
DFMG,GBTA,GBTA0xGBR,GBR,EU,100.000,86460,0,0,stable,86460,0,0,0,
DFMG,GBUS,GBUS0xGBR,GBR,EU,100.000,86460,0,0,stable,86460,0,0,0,
DFMG,GBWH,GBWH0xGBR,GBR,EU,100.000,86460,0,0,stable,86460,0,0,0,
DFMG,GRCH,GRCH0xGRC,GRC,EU,100.000,86460,0,0,stable,86460,0,0,0,
DFMG,GRFO,GRFO0xGRC,GRC,EU,100.000,86460,0,0,brief-failover,86460,0,28800,2,412
DFMG,GRHK,GRHK0xGRC,GRC,EU,100.000,86460,0,0,stable,86460,0,0,0,
DFMG,GRIG,GRIG0xGRC,GRC,EU,100.000,86460,0,0,stable,86460,0,0,0,
DFMG,GRKE,GRKE0xGRC,GRC,EU,100.000,86460,0,0,stable,86460,0,0,0,
DFMG,GRKL,GRKL0xGRC,GRC,EU,100.000,86460,0,0,stable,86460,0,0,0,
DFMG,GRKV,GRKV0xGRC,GRC,EU,100.000,86460,0,0,stable,86460,0,0,0,
DFMG,GRLB,GRLB0xGRC,GRC,EU,100.000,86460,0,0,stable,86460,0,0,0,
DFMG,GRNX,GRNX0xGRC,GRC,EU,100.000,86460,0,0,stable,86460,0,0,0,
DFMG,GROS,GROS0xGRC,GRC,EU,100.000,86460,0,0,stable,86460,0,0,0,
DFMG,GRPS,GRPS0xGRC,GRC,EU,100.000,86460,0,0,stable,86460,0,0,0,
DFMG,GRRO,GRRO0xGRC,GRC,EU,100.000,86460,0,0,stable,86460,0,0,0,
DFMG,GRSA,GRSA0xGRC,GRC,EU,100.000,86460,0,0,stable,86460,0,0,0,
DFMG,GRTA,GRTA0xGRC,GRC,EU,100.000,86460,0,0,stable,86460,0,0,0,
DFMG,GRVO,GRVO0xGRC,GRC,EU,100.000,86460,0,0,stable,86460,0,0,0,
DFMG,HRLA,HRLA0xHRV,HRV,EU,100.000,86460,0,0,stable,86460,0,0,0,
DFMG,HRPL,HRPL0xHRV,HRV,EU,100.000,86460,0,0,stable,86460,0,0,0,
DFMG,HRSB,HRSB0xHRV,HRV,EU,100.000,86460,0,0,stable,86460,0,0,0,
DFMG,HRVV,HRVV0xHRV,HRV,EU,100.000,86460,0,0,stable,86460,0,0,0,
DFMG,HUBU,HUBU0xHUN,HUN,EU,100.000,86460,0,0,stable,86460,0,0,0,
DFMG,HUNY,HUNY0xHUN,HUN,EU,100.000,86460,0,0,stable,86460,0,0,0,
DFMG,HUSZ,HUSZ0xHUN,HUN,EU,100.000,86460,0,0,stable,86460,0,0,0,
DFMG,HUVE,HUVE0xHUN,HUN,EU,0.000,0,86460,0,offline-entire-window,0,86460,0,0,
DFMG,IRBA,IRBA0xIRL,IRL,EU,100.000,86460,0,0,stable,86460,0,0,0,
DFMG,IRCO,IRCO0xIRL,IRL,EU,100.000,86460,0,0,stable,86460,0,0,0,
DFMG,IRDU,IRDU0xIRL,IRL,EU,100.000,86460,0,0,stable,86460,0,0,0,
DFMG,IREN,IREN0xIRL,IRL,EU,100.000,86460,0,0,outage-no-cellular,86460,0,0,0,
DFMG,IRLD,IRLD0xIRL,IRL,EU,100.000,86460,0,0,stable,86460,0,0,0,
DFMG,IRWA,IRWA0xIRL,IRL,EU,100.000,86460,0,0,outage-no-cellular,86460,0,0,0,
DFMG,ITAL,ITAL0xITA,ITA,EU,100.000,86460,0,0,stable,86460,0,0,0,
DFMG,ITAN,ITAN0xITA,ITA,EU,100.000,86460,0,0,stable,86460,0,0,0,
DFMG,ITAP,ITAP0xITA,ITA,EU,100.000,86460,0,0,stable,86460,0,0,0,
DFMG,ITBI,ITBI0xITA,ITA,EU,100.000,86460,0,0,brief-failover,86460,0,14400,1,784
DFMG,ITCA,ITCA0xITA,ITA,EU,100.000,86460,0,0,stable,86460,0,0,0,
DFMG,ITCI,ITCI0xITA,ITA,EU,100.000,86460,0,0,stable,86460,0,0,0,
DFMG,ITDO,ITDO0xITA,ITA,EU,100.000,86460,0,0,stable,86460,0,0,0,
DFMG,ITFO,ITFO0xITA,ITA,EU,100.000,86460,0,0,stable,86460,0,0,0,
DFMG,ITLE,ITLE0xITA,ITA,EU,100.000,86460,0,0,stable,86460,0,0,0,
DFMG,ITMA,ITMA0xITA,ITA,EU,100.000,86460,0,0,stable,86460,0,0,0,
DFMG,ITMI,ITMI0xITA,ITA,EU,100.000,86460,0,0,stable,86460,0,0,0,
DFMG,ITMS,ITMS0xITA,ITA,EU,100.000,86460,0,0,stable,86460,0,0,0,
DFMG,ITPT,ITPT0xITA,ITA,EU,100.000,86460,0,0,stable,86460,0,0,0,
DFMG,ITRA,ITRA0xITA,ITA,EU,100.000,86460,0,0,stable,86460,0,0,0,
DFMG,ITRG,ITRG0xITA,ITA,EU,100.000,86460,0,0,outage-no-cellular,86460,0,0,0,
DFMG,ITRS,ITRS0xITA,ITA,EU,99.306,85860,600,0,brief-failover,85860,600,15660,2,889
DFMG,ITSA,ITSA0xITA,ITA,EU,100.000,86460,0,0,stable,86460,0,0,0,
DFMG,ITSC,ITSC0xITA,ITA,EU,100.000,86460,0,0,stable,86460,0,0,0,
DFMG,ITSL,ITSL0xITA,ITA,EU,100.000,86460,0,0,brief-failover,86460,0,3120,1,846
DFMG,ITSP,ITSP0xITA,ITA,EU,100.000,86460,0,0,stable,86460,0,0,0,
DFMG,ITTE,ITTE0xITA,ITA,EU,100.000,86460,0,0,stable,86460,0,0,0,
DFMG,ITTP,ITTP0xITA,ITA,EU,100.000,86460,0,0,stable,86460,0,0,0,
DFMG,ITTR,ITTR0xITA,ITA,EU,100.000,86460,0,0,stable,86460,0,0,0,
DFMG,ITVE,ITVE0xITA,ITA,EU,100.000,86460,0,0,stable,86460,0,0,0,
DFMG,NLBR,NLBR0xNLD,NLD,EU,100.000,86460,0,0,stable,86460,0,0,0,
DFMG,NLMM,NLMM0xNLD,NLD,EU,100.000,86460,0,0,stable,86460,0,0,0,
DFMG,NLUL,NLUL0xNLD,NLD,EU,100.000,86460,0,0,stable,86460,0,0,0,
DFMG,NOAL,NOAL0xNOR,NOR,EU,100.000,86460,0,0,stable,86460,0,0,0,
DFMG,NOBE,NOBE0xNOR,NOR,EU,100.000,86460,0,0,stable,86460,0,0,0,
DFMG,NOBR,NOBR0xNOR,NOR,EU,100.000,86460,0,0,stable,86460,0,0,0,
DFMG,NOGE,NOGE0xNOR,NOR,EU,100.000,86460,0,0,stable,86460,0,0,0,
DFMG,NOHA,NOHA0xNOR,NOR,EU,100.000,86460,0,0,stable,86460,0,0,0,
DFMG,NOKR,NOKR0xNOR,NOR,EU,100.000,86460,0,0,stable,86460,0,0,0,
DFMG,NOKU,NOKU0xNOR,NOR,EU,100.000,86460,0,0,stable,86460,0,0,0,
DFMG,NOLF,NOLF0xNOR,NOR,EU,100.000,86460,0,0,stable,86460,0,0,0,
DFMG,NONO,NONO0xNOR,NOR,EU,100.000,86460,0,0,stable,86460,0,0,0,
DFMG,NOPG,NOPG0xNOR,NOR,EU,100.000,86460,0,0,stable,86460,0,0,0,
DFMG,NORO,NORO0xNOR,NOR,EU,100.000,86460,0,0,stable,86460,0,0,0,
DFMG,NOSE,NOSE0xNOR,NOR,EU,100.000,86460,0,0,stable,86460,0,0,0,
DFMG,NOSV,NOSV0xNOR,NOR,EU,100.000,86460,0,0,stable,86460,0,0,0,
DFMG,NOTR,NOTR0xNOR,NOR,EU,100.000,86460,0,0,stable,86460,0,0,0,
DFMG,NOVA,NOVA0xNOR,NOR,EU,100.000,86460,0,0,stable,86460,0,0,0,
DFMG,NOVI,NOVI0xNOR,NOR,EU,100.000,86460,0,0,stable,86460,0,0,0,
DFMG,POBI,POBI0xPOL,POL,EU,100.000,86460,0,0,stable,86460,0,0,0,
DFMG,POCH,POCH0xPOL,POL,EU,100.000,86460,0,0,stable,86460,0,0,0,
DFMG,POCZ,POCZ0xPOL,POL,EU,100.000,86460,0,0,stable,86460,0,0,0,
DFMG,PODA,PODA0xPOL,POL,EU,100.000,86460,0,0,stable,86460,0,0,0,
DFMG,POGD,POGD0xPOL,POL,EU,100.000,86460,0,0,stable,86460,0,0,0,
DFMG,POKL,POKL0xPOL,POL,EU,100.000,86460,0,0,stable,86460,0,0,0,
DFMG,POOL,POOL0xPOL,POL,EU,100.000,86460,0,0,outage-no-cellular,86460,0,0,0,
DFMG,POPO,POPO0xPOL,POL,EU,100.000,86460,0,0,stable,86460,0,0,0,
DFMG,POPR,POPR0xPOL,POL,EU,100.000,86460,0,0,stable,86460,0,0,0,
DFMG,POSU,POSU0xPOL,POL,EU,100.000,86460,0,0,stable,86460,0,0,0,
DFMG,POTU,POTU0xPOL,POL,EU,100.000,86460,0,0,stable,86460,0,0,0,
DFMG,POWA,POWA0xPOL,POL,EU,100.000,86460,0,0,stable,86460,0,0,0,
DFMG,POWW,POWW0xPOL,POL,EU,100.000,86460,0,0,stable,86460,0,0,0,
DFMG,PRAC,PRAC0xPRT,PRT,EU,100.000,86460,0,0,stable,86460,0,0,0,
DFMG,PRBR,PRBR0xPRT,PRT,EU,100.000,86460,0,0,stable,86460,0,0,0,
DFMG,PRGU,PRGU0xPRT,PRT,EU,100.000,86460,0,0,brief-failover,86460,0,14400,1,369
DFMG,PRLA,PRLA0xPRT,PRT,EU,100.000,86460,0,0,stable,86460,0,0,0,
DFMG,PRLB,PRLB0xPRT,PRT,EU,100.000,86460,0,0,stable,86460,0,0,0,
DFMG,PRLE,PRLE0xPRT,PRT,EU,100.000,86460,0,0,stable,86460,0,0,0,
DFMG,PRMA,PRMA0xPRT,PRT,EU,100.000,86460,0,0,stable,86460,0,0,0,
DFMG,PRMD,PRMD0xPRT,PRT,EU,100.000,86460,0,0,stable,86460,0,0,0,
DFMG,ROBC,ROBC0xROU,ROU,EU,100.000,86460,0,0,stable,86460,0,0,0,
DFMG,ROBO,ROBO0xROU,ROU,EU,100.000,86460,0,0,stable,86460,0,0,0,
DFMG,ROBR,ROBR0xROU,ROU,EU,100.000,86460,0,0,stable,86460,0,0,0,
DFMG,RODE,RODE0xROU,ROU,EU,100.000,86460,0,0,stable,86460,0,0,0,
DFMG,ROMA,ROMA0xROU,ROU,EU,100.000,86460,0,0,stable,86460,0,0,0,
DFMG,RONA,RONA0xROU,ROU,EU,0.000,0,86460,0,offline-entire-window,0,86460,0,0,
DFMG,ROSG,ROSG0xROU,ROU,EU,100.000,86460,0,0,stable,86460,0,0,0,
DFMG,ROSI,ROSI0xROU,ROU,EU,100.000,86460,0,0,stable,86460,0,0,0,
DFMG,ROTM,ROTM0xROU,ROU,EU,100.000,86460,0,0,stable,86460,0,0,0,
DFMG,ROTU,ROTU0xROU,ROU,EU,100.000,86460,0,0,stable,86460,0,0,0,
DFMG,SVBB,SVBB0xSVK,SVK,EU,100.000,86460,0,0,stable,86460,0,0,0,
DFMG,SVKE,SVKE0xSVK,SVK,EU,100.000,86460,0,0,outage-no-cellular,86460,0,0,0,
DFMG,SWGA,SWGA0xSWE,SWE,EU,100.000,86460,0,0,stable,86460,0,0,0,
DFMG,SWGO,SWGO0xSWE,SWE,EU,100.000,86460,0,0,stable,86460,0,0,0,
DFMG,SWGV,SWGV0xSWE,SWE,EU,100.000,86460,0,0,stable,86460,0,0,0,
DFMG,SWHU,SWHU0xSWE,SWE,EU,100.000,86460,0,0,stable,86460,0,0,0,
DFMG,SWJO,SWJO0xSWE,SWE,EU,100.000,86460,0,0,stable,86460,0,0,0,
DFMG,SWKA,SWKA0xSWE,SWE,EU,100.000,86460,0,0,stable,86460,0,0,0,
DFMG,SWKR,SWKR0xSWE,SWE,EU,100.000,86460,0,0,stable,86460,0,0,0,
DFMG,SWLJ,SWLJ0xSWE,SWE,EU,100.000,86460,0,0,stable,86460,0,0,0,
DFMG,SWLU,SWLU0xSWE,SWE,EU,100.000,86460,0,0,stable,86460,0,0,0,
DFMG,SWMA,SWMA0xSWE,SWE,EU,100.000,86460,0,0,stable,86460,0,0,0,
DFMG,SWNO,SWNO0xSWE,SWE,EU,100.000,86460,0,0,stable,86460,0,0,0,
DFMG,SWNY,SWNY0xSWE,SWE,EU,100.000,86460,0,0,stable,86460,0,0,0,
DFMG,SWOB,SWOB0xSWE,SWE,EU,100.000,86460,0,0,stable,86460,0,0,0,
DFMG,SWOK,SWOK0xSWE,SWE,EU,100.000,86460,0,0,stable,86460,0,0,0,
DFMG,SWOS,SWOS0xSWE,SWE,EU,100.000,86460,0,0,stable,86460,0,0,0,
DFMG,SWSG,SWSG0xSWE,SWE,EU,100.000,86460,0,0,stable,86460,0,0,0,
DFMG,SWSK,SWSK0xSWE,SWE,EU,100.000,86460,0,0,stable,86460,0,0,0,
DFMG,SWST,SWST0xSWE,SWE,EU,100.000,86460,0,0,stable,86460,0,0,0,
DFMG,SWVA,SWVA0xSWE,SWE,EU,100.000,86460,0,0,stable,86460,0,0,0,
Telus,TABB,TABB0xCAN,CAN,NA,100.000,86460,0,0,stable,86460,0,0,0,
Telus,TABC,TABC0xCAN,CAN,NA,100.000,86460,0,0,stable,86460,0,0,0,
Telus,TABE,TABE0xCAN,CAN,NA,100.000,86460,0,0,stable,86460,0,0,0,
Telus,TABF,TABF0xCAN,CAN,NA,100.000,86460,0,0,stable,86460,0,0,0,
Telus,TABG,TABG0xCAN,CAN,NA,100.000,86460,0,0,stable,86460,0,0,0,
Telus,TABH,TABH0xCAN,CAN,NA,100.000,86460,0,0,stable,86460,0,0,0,
Telus,TABO,TABO0xCAN,CAN,NA,100.000,86460,0,0,stable,86460,0,0,0,
Telus,TABP,TABP0xCAN,CAN,NA,100.000,86460,0,0,stable,86460,0,0,0,
Telus,TABW,TABW0xCAN,CAN,NA,100.000,86460,0,0,outage-no-cellular,86460,0,0,0,
Telus,TBC3,TBC30xCAN,CAN,NA,100.000,86460,0,0,stable,86460,0,0,0,
Telus,TBCA,TBCA0xCAN,CAN,NA,100.000,86460,0,0,stable,86460,0,0,0,
Telus,TBCB,TBCB0xCAN,CAN,NA,100.000,86460,0,0,stable,86460,0,0,0,
Telus,TBCC,TBCC0xCAN,CAN,NA,100.000,86460,0,0,stable,86460,0,0,0,
Telus,TBCE,TBCE0xCAN,CAN,NA,100.000,86460,0,0,stable,86460,0,0,0,
Telus,TBCG,TBCG0xCAN,CAN,NA,100.000,86460,0,0,stable,86460,0,0,0,
Telus,TBCH,TBCH0xCAN,CAN,NA,100.000,86460,0,0,stable,86460,0,0,0,
Telus,TBCJ,TBCJ0xCAN,CAN,NA,100.000,86460,0,0,stable,86460,0,0,0,
Telus,TBCK,TBCK0xCAN,CAN,NA,100.000,86460,0,0,stable,86460,0,0,0,
Telus,TBCL,TBCL0xCAN,CAN,NA,100.000,86460,0,0,stable,86460,0,0,0,
Telus,TBCM,TBCM0xCAN,CAN,NA,100.000,86460,0,0,stable,86460,0,0,0,
Telus,TBCP,TBCP0xCAN,CAN,NA,100.000,86460,0,0,stable,86460,0,0,0,
Telus,TBCS,TBCS0xCAN,CAN,NA,100.000,86460,0,0,stable,86460,0,0,0,
Telus,TBCT,TBCT0xCAN,CAN,NA,100.000,86460,0,0,stable,86460,0,0,0,
Telus,TBCV,TBCV0xCAN,CAN,NA,100.000,86460,0,0,stable,86460,0,0,0,
Telus,TBCW,TBCW0xCAN,CAN,NA,100.000,86460,0,0,stable,86460,0,0,0,
Telus,TBCZ,TBCZ0xCAN,CAN,NA,100.000,86460,0,0,stable,86460,0,0,0,
Telus,TMBK,TMBK0xCAN,CAN,NA,100.000,86460,0,0,stable,86460,0,0,0,
Telus,TMBS,TMBS0xCAN,CAN,NA,100.000,86460,0,0,stable,86460,0,0,0,
Telus,TMBW,TMBW0xCAN,CAN,NA,100.000,86460,0,0,stable,86460,0,0,0,
Telus,TNBM,TNBM0xCAN,CAN,NA,100.000,86460,0,0,stable,86460,0,0,0,
Telus,TNBS,TNBS0xCAN,CAN,NA,100.000,86460,0,0,stable,86460,0,0,0,
Telus,TNLB,TNLB0xCAN,CAN,NA,100.000,86460,0,0,stable,86460,0,0,0,
Telus,TNLC,TNLC0xCAN,CAN,NA,100.000,86460,0,0,stable,86460,0,0,0,
Telus,TNLJ,TNLJ0xCAN,CAN,NA,100.000,86460,0,0,stable,86460,0,0,0,
Telus,TNLV,TNLV0xCAN,CAN,NA,100.000,86460,0,0,stable,86460,0,0,0,
Telus,TNSG,TNSG0xCAN,CAN,NA,100.000,86460,0,0,stable,86460,0,0,0,
Telus,TNSP,TNSP0xCAN,CAN,NA,100.000,86460,0,0,brief-failover,86460,0,14400,1,971
Telus,TNSY,TNSY0xCAN,CAN,NA,100.000,86460,0,0,stable,86460,0,0,0,
Telus,TONA,TONA0xCAN,CAN,NA,100.000,86460,0,0,outage-no-cellular,86460,0,0,0,
Telus,TONE,TONE0xCAN,CAN,NA,100.000,86460,0,0,stable,86460,0,0,0,
Telus,TONF,TONF0xCAN,CAN,NA,100.000,86460,0,0,stable,86460,0,0,0,
Telus,TONG,TONG0xUSA,USA,NA,100.000,86460,0,0,stable,86460,0,0,0,
Telus,TONH,TONH0xCAN,CAN,NA,100.000,86460,0,0,stable,86460,0,0,0,
Telus,TONI,TONI0xCAN,CAN,NA,100.000,86460,0,0,stable,86460,0,0,0,
Telus,TONL,TONL0xCAN,CAN,NA,100.000,86460,0,0,stable,86460,0,0,0,
Telus,TONM,TONM0xCAN,CAN,NA,100.000,86460,0,0,stable,86460,0,0,0,
Telus,TONN,TONN0xCAN,CAN,NA,100.000,86460,0,0,stable,86460,0,0,0,
Telus,TONO,TONO0xCAN,CAN,NA,100.000,86460,0,0,stable,86460,0,0,0,
Telus,TONR,TONR0xCAN,CAN,NA,100.000,86460,0,0,stable,86460,0,0,0,
Telus,TONS,TONS0xCAN,CAN,NA,100.000,86460,0,0,stable,86460,0,0,0,
Telus,TONW,TONW0xCAN,CAN,NA,100.000,86460,0,0,stable,86460,0,0,0,
Telus,TOSM,TOSM0xCAN,CAN,NA,100.000,86460,0,0,stable,86460,0,0,0,
Telus,TPEE,TPEE0xCAN,CAN,NA,100.000,86460,0,0,stable,86460,0,0,0,
Telus,TQC3,TQC30xCAN,CAN,NA,100.000,86460,0,0,stable,86460,0,0,0,
Telus,TQCA,TQCA0xCAN,CAN,NA,100.000,86460,0,0,stable,86460,0,0,0,
Telus,TQCB,TQCB0xCAN,CAN,NA,100.000,86460,0,0,stable,86460,0,0,0,
Telus,TQCC,TQCC0xCAN,CAN,NA,100.000,86460,0,0,stable,86460,0,0,0,
Telus,TQCG,TQCG0xCAN,CAN,NA,100.000,86460,0,0,stable,86460,0,0,0,
Telus,TQCN,TQCN0xCAN,CAN,NA,100.000,86460,0,0,stable,86460,0,0,0,
Telus,TQCO,TQCO0xCAN,CAN,NA,100.000,86460,0,0,stable,86460,0,0,0,
Telus,TQCR,TQCR0xCAN,CAN,NA,100.000,86460,0,0,stable,86460,0,0,0,
Telus,TSKA,TSKA0xCAN,CAN,NA,100.000,86460,0,0,stable,86460,0,0,0,
Telus,TSKB,TSKB0xCAN,CAN,NA,100.000,86460,0,0,stable,86460,0,0,0,
Telus,TSKR,TSKR0xCAN,CAN,NA,100.000,86460,0,0,stable,86460,0,0,0,
Telus,TSKS,TSKS0xCAN,CAN,NA,100.000,86460,0,0,stable,86460,0,0,0,
Telus,TSKV,TSKV0xCAN,CAN,NA,100.000,86460,0,0,stable,86460,0,0,0,
Telus,TSKY,TSKY0xCAN,CAN,NA,100.000,86460,0,0,stable,86460,0,0,0,
KDDI,JPAB,JPAB0xJPN,JPN,AP,100.000,86460,0,0,stable,86460,0,0,0,
KDDI,JPAG,JPAG0xJPN,JPN,AP,100.000,86460,0,0,stable,86460,0,0,0,
KDDI,JPAK,JPAK0xJPN,JPN,AP,100.000,86460,0,0,stable,86460,0,0,0,
KDDI,JPBK,JPBK0xJPN,JPN,AP,100.000,86460,0,0,stable,86460,0,0,0,
KDDI,JPCH,JPCH0xJPN,JPN,AP,100.000,86460,0,0,stable,86460,0,0,0,
KDDI,JPES,JPES0xJPN,JPN,AP,100.000,86460,0,0,stable,86460,0,0,0,
KDDI,JPFH,JPFH0xJPN,JPN,AP,100.000,86460,0,0,stable,86460,0,0,0,
KDDI,JPFJ,JPFJ0xJPN,JPN,AP,100.000,86460,0,0,stable,86460,0,0,0,
KDDI,JPGA,JPGA0xJPN,JPN,AP,100.000,86460,0,0,stable,86460,0,0,0,
KDDI,JPGY,JPGY0xJPN,JPN,AP,100.000,86460,0,0,stable,86460,0,0,0,
KDDI,JPHG,JPHG0xJPN,JPN,AP,100.000,86460,0,0,stable,86460,0,0,0,
KDDI,JPHJ,JPHJ0xJPN,JPN,AP,100.000,86460,0,0,stable,86460,0,0,0,
KDDI,JPHZ,JPHZ0xJPN,JPN,AP,100.000,86460,0,0,stable,86460,0,0,0,
KDDI,JPIK,JPIK0xJPN,JPN,AP,100.000,86460,0,0,stable,86460,0,0,0,
KDDI,JPJT,JPJT0xJPN,JPN,AP,100.000,86460,0,0,stable,86460,0,0,0,
KDDI,JPKC,JPKC0xJPN,JPN,AP,100.000,86460,0,0,stable,86460,0,0,0,
KDDI,JPKI,JPKI0xJPN,JPN,AP,100.000,86460,0,0,stable,86460,0,0,0,
KDDI,JPKM,JPKM0xJPN,JPN,AP,100.000,86460,0,0,stable,86460,0,0,0,
KDDI,JPKO,JPKO0xJPN,JPN,AP,100.000,86460,0,0,stable,86460,0,0,0,
KDDI,JPKR,JPKR0xJPN,JPN,AP,100.000,86460,0,0,stable,86460,0,0,0,
KDDI,JPKT,JPKT0xJPN,JPN,AP,100.000,86460,0,0,stable,86460,0,0,0,
KDDI,JPKZ,JPKZ0xJPN,JPN,AP,100.000,86460,0,0,stable,86460,0,0,0,
KDDI,JPMA,JPMA0xJPN,JPN,AP,100.000,86460,0,0,stable,86460,0,0,0,
KDDI,JPMB,JPMB0xJPN,JPN,AP,100.000,86460,0,0,stable,86460,0,0,0,
KDDI,JPMG,JPMG0xJPN,JPN,AP,100.000,86460,0,0,stable,86460,0,0,0,
KDDI,JPMI,JPMI0xJPN,JPN,AP,100.000,86460,0,0,stable,86460,0,0,0,
KDDI,JPMM,JPMM0xJPN,JPN,AP,100.000,86460,0,0,stable,86460,0,0,0,
KDDI,JPMS,JPMS0xJPN,JPN,AP,100.000,86460,0,0,stable,86460,0,0,0,
KDDI,JPMY,JPMY0xJPN,JPN,AP,100.000,86460,0,0,stable,86460,0,0,0,
KDDI,JPNA,JPNA0xJPN,JPN,AP,100.000,86460,0,0,stable,86460,0,0,0,
KDDI,JPNE,JPNE0xJPN,JPN,AP,100.000,86460,0,0,stable,86460,0,0,0,
KDDI,JPOB,JPOB0xJPN,JPN,AP,100.000,86460,0,0,stable,86460,0,0,0,
KDDI,JPOD,JPOD0xJPN,JPN,AP,100.000,86460,0,0,stable,86460,0,0,0,
KDDI,JPOK,JPOK0xJPN,JPN,AP,100.000,86460,0,0,stable,86460,0,0,0,
KDDI,JPOT,JPOT0xJPN,JPN,AP,100.000,86460,0,0,stable,86460,0,0,0,
KDDI,JPRF,JPRF0xJPN,JPN,AP,100.000,86460,0,0,stable,86460,0,0,0,
KDDI,JPSD,JPSD0xJPN,JPN,AP,100.000,86460,0,0,stable,86460,0,0,0,
KDDI,JPSM,JPSM0xJPN,JPN,AP,100.000,86460,0,0,stable,86460,0,0,0,
KDDI,JPSR,JPSR0xJPN,JPN,AP,100.000,86460,0,0,stable,86460,0,0,0,
KDDI,JPSU,JPSU0xJPN,JPN,AP,100.000,86460,0,0,stable,86460,0,0,0,
KDDI,JPSW,JPSW0xJPN,JPN,AP,100.000,86460,0,0,stable,86460,0,0,0,
KDDI,JPTA,JPTA0xJPN,JPN,AP,100.000,86460,0,0,stable,86460,0,0,0,
KDDI,JPTB,JPTB0xJPN,JPN,AP,100.000,86460,0,0,stable,86460,0,0,0,
KDDI,JPTD,JPTD0xJPN,JPN,AP,100.000,86460,0,0,stable,86460,0,0,0,
KDDI,JPTG,JPTG0xJPN,JPN,AP,100.000,86460,0,0,stable,86460,0,0,0,
KDDI,JPTH,JPTH0xJPN,JPN,AP,100.000,86460,0,0,stable,86460,0,0,0,
KDDI,JPTJ,JPTJ0xJPN,JPN,AP,100.000,86460,0,0,stable,86460,0,0,0,
KDDI,JPTO,JPTO0xJPN,JPN,AP,100.000,86460,0,0,stable,86460,0,0,0,
KDDI,JPTS,JPTS0xJPN,JPN,AP,100.000,86460,0,0,stable,86460,0,0,0,
KDDI,JPTT,JPTT0xJPN,JPN,AP,100.000,86460,0,0,stable,86460,0,0,0,
KDDI,JPUJ,JPUJ0xJPN,JPN,AP,100.000,86460,0,0,stable,86460,0,0,0,
KDDI,JPUS,JPUS0xJPN,JPN,AP,100.000,86460,0,0,stable,86460,0,0,0,
KDDI,JPWK,JPWK0xJPN,JPN,AP,100.000,86460,0,0,stable,86460,0,0,0,
KDDI,JPYA,JPYA0xJPN,JPN,AP,100.000,86460,0,0,stable,86460,0,0,0,
KDDI,JPYI,JPYI0xJPN,JPN,AP,100.000,86460,0,0,stable,86460,0,0,0,
KDDI,JPYK,JPYK0xJPN,JPN,AP,100.000,86460,0,0,stable,86460,0,0,0,
KDDI,JPYT,JPYT0xJPN,JPN,AP,100.000,86460,0,0,stable,86460,0,0,0,
KT,KTCR,KTCR0xKOR,KOR,AP,100.000,86460,0,0,stable,86460,0,0,0,
KT,KTG1,KTG10xKOR,KOR,AP,100.000,86460,0,0,stable,86460,0,0,0,
KT,KTG2,KTG20xKOR,KOR,AP,100.000,86460,0,0,stable,86460,0,0,0,
KT,KTGB,KTGB0xKOR,KOR,AP,100.000,86460,0,0,stable,86460,0,0,0,
KT,KTGH,KTGH0xKOR,KOR,AP,100.000,86460,0,0,stable,86460,0,0,0,
KT,KTGJ,KTGJ0xKOR,KOR,AP,100.000,86460,0,0,stable,86460,0,0,0,
KT,KTGN,KTGN0xKOR,KOR,AP,100.000,86460,0,0,stable,86460,0,0,0,
KT,KTGY,KTGY0xKOR,KOR,AP,100.000,86460,0,0,stable,86460,0,0,0,
KT,KTHM,KTHM0xKOR,KOR,AP,100.000,86460,0,0,stable,86460,0,0,0,
KT,KTHS,KTHS0xKOR,KOR,AP,100.000,86460,0,0,stable,86460,0,0,0,
KT,KTHY,KTHY0xKOR,KOR,AP,100.000,86460,0,0,stable,86460,0,0,0,
KT,KTIS,KTIS0xKOR,KOR,AP,100.000,86460,0,0,stable,86460,0,0,0,
KT,KTJJ,KTJJ0xKOR,KOR,AP,100.000,86460,0,0,stable,86460,0,0,0,
KT,KTJP,KTJP0xKOR,KOR,AP,100.000,86460,0,0,stable,86460,0,0,0,
KT,KTSG,KTSG0xKOR,KOR,AP,100.000,86460,0,0,stable,86460,0,0,0,
KT,KTUJ,KTUJ0xKOR,KOR,AP,100.000,86460,0,0,stable,86460,0,0,0,
KT,KTUS,KTUS0xKOR,KOR,AP,100.000,86460,0,0,stable,86460,0,0,0,
KT,KTYG,KTYG0xKOR,KOR,AP,100.000,86460,0,0,stable,86460,0,0,0,
KT,KTYJ,KTYJ0xKOR,KOR,AP,100.000,86460,0,0,stable,86460,0,0,0,
KT,KTYY,KTYY0xKOR,KOR,AP,100.000,86460,0,0,stable,86460,0,0,0,
SKT,SKCW,SKCW0xKOR,KOR,AP,100.000,86460,0,0,stable,86460,0,0,0,
SKT,SKDG,SKDG0xKOR,KOR,AP,100.000,86460,0,0,stable,86460,0,0,0,
SKT,SKDH,SKDH0xKOR,KOR,AP,100.000,86460,0,0,stable,86460,0,0,0,
SKT,SKDY,SKDY0xKOR,KOR,AP,100.000,86460,0,0,stable,86460,0,0,0,
SKT,SKGG,SKGG0xKOR,KOR,AP,100.000,86460,0,0,stable,86460,0,0,0,
SKT,SKGJ,SKGJ0xKOR,KOR,AP,100.000,86460,0,0,stable,86460,0,0,0,
SKT,SKGS,SKGS0xKOR,KOR,AP,100.000,86460,0,0,stable,86460,0,0,0,
SKT,SKHJ,SKHJ0xKOR,KOR,AP,100.000,86460,0,0,stable,86460,0,0,0,
SKT,SKHP,SKHP0xKOR,KOR,AP,100.000,86460,0,0,stable,86460,0,0,0,
SKT,SKIC,SKIC0xKOR,KOR,AP,100.000,86460,0,0,stable,86460,0,0,0,
SKT,SKJD,SKJD0xKOR,KOR,AP,100.000,86460,0,0,stable,86460,0,0,0,
SKT,SKJG,SKJG0xKOR,KOR,AP,100.000,86460,0,0,stable,86460,0,0,0,
SKT,SKJJ,SKJJ0xKOR,KOR,AP,100.000,86460,0,0,stable,86460,0,0,0,
SKT,SKNH,SKNH0xKOR,KOR,AP,100.000,86460,0,0,stable,86460,0,0,0,
SKT,SKPJ,SKPJ0xKOR,KOR,AP,100.000,86460,0,0,stable,86460,0,0,0,
SKT,SKSC,SKSC0xKOR,KOR,AP,100.000,86460,0,0,stable,86460,0,0,0,
SKT,SKSN,SKSN0xKOR,KOR,AP,100.000,86460,0,0,stable,86460,0,0,0,
SKT,SKSS,SKSS0xKOR,KOR,AP,100.000,86460,0,0,stable,86460,0,0,0,
SKT,SKYD,SKYD0xKOR,KOR,AP,100.000,86460,0,0,stable,86460,0,0,0,
SKT,SKYG,SKYG0xKOR,KOR,AP,100.000,86460,0,0,stable,86460,0,0,0,
TaiwanMobile,TWBS,TWBS0xTWN,TWN,AP,100.000,86460,0,0,stable,86460,0,0,0,
TaiwanMobile,TWDL,TWDL0xTWN,TWN,AP,100.000,86460,0,0,stable,86460,0,0,0,
TaiwanMobile,TWDS,TWDS0xTWN,TWN,AP,100.000,86460,0,0,stable,86460,0,0,0,
TaiwanMobile,TWFL,TWFL0xTWN,TWN,AP,100.000,86460,0,0,stable,86460,0,0,0,
TaiwanMobile,TWFX,TWFX0xTWN,TWN,AP,100.000,86460,0,0,stable,86460,0,0,0,
TaiwanMobile,TWGL,TWGL0xTWN,TWN,AP,100.000,86460,0,0,stable,86460,0,0,0,
TaiwanMobile,TWGY,TWGY0xTWN,TWN,AP,100.000,86460,0,0,stable,86460,0,0,0,
TaiwanMobile,TWHC,TWHC0xTWN,TWN,AP,100.000,86460,0,0,stable,86460,0,0,0,
TaiwanMobile,TWIX,TWIX0xTWN,TWN,AP,100.000,86460,0,0,stable,86460,0,0,0,
TaiwanMobile,TWJS,TWJS0xTWN,TWN,AP,100.000,86460,0,0,stable,86460,0,0,0,
TaiwanMobile,TWPH,TWPH0xTWN,TWN,AP,100.000,86460,0,0,stable,86460,0,0,0,
TaiwanMobile,TWPL,TWPL0xTWN,TWN,AP,100.000,86460,0,0,stable,86460,0,0,0,
TaiwanMobile,TWPZ,TWPZ0xTWN,TWN,AP,100.000,86460,0,0,stable,86460,0,0,0,
TaiwanMobile,TWTT,TWTT0xTWN,TWN,AP,100.000,86460,0,0,stable,86460,0,0,0,
TaiwanMobile,TWTX,TWTX0xTWN,TWN,AP,100.000,86460,0,0,stable,86460,0,0,0,
TaiwanMobile,TWTY,TWTY0xTWN,TWN,AP,99.237,85800,660,0,outage-no-cellular,85800,660,0,0,
TaiwanMobile,TWXT,TWXT0xTWN,TWN,AP,100.000,86460,0,0,stable,86460,0,0,0,
TaiwanMobile,TWZS,TWZS0xTWN,TWN,AP,100.000,86460,0,0,stable,86460,0,0,0,
Singtel,SGPC,SGPC0xSGP,SGP,AP,100.000,86460,0,0,stable,86460,0,0,0,
Singtel,SGPH,SGPH0xSGP,SGP,AP,100.000,86460,0,0,stable,86460,0,0,0,
Singtel,SGPK,SGPK0xSGP,SGP,AP,100.000,86460,0,0,stable,86460,0,0,0,
Singtel,SGPY,SGPY0xSGP,SGP,AP,100.000,86460,0,0,stable,86460,0,0,0,
